#,Mod名,文件名,端,可选,下载源,下载链接,GitHub,说明
1,1u6JkXh5,1u6JkXh5-gjsLvJfW.jar,both,,archive.teacon.cn,https://archive.teacon.cn/maven/maven/modrinth/1u6JkXh5/gjsLvJfW/1u6JkXh5-gjsLvJfW.jar,,Mod dependency of 1u6JkXh5 / Included inside official TeaCon mod list
2,AAA Particles,aaa_particles-neoforge-26.1.2-2.2.4-alpha.1.jar,both,,archive.teacon.cn,https://archive.teacon.cn/2026/ci/extra/aaa_particles-neoforge-26.1.2-2.2.4-alpha.1.e57547f3.jar,,Mod dependency of AAA Particles / Managed by Biluochun
3,AAA Particles: World,aaa_particles_world-neoforge-26.1.2-2.0.1-alpha.4.jar,both,,archive.teacon.cn,https://archive.teacon.cn/2026/ci/build/team-aaa-particles-world/aaa-particles-world-14.jar,,AAA Particles: World by 克洛伊的小队 / Build #14 / 向游戏内添加了一些基于 Effekseer 粒子中间件的特效，类似一个高清版的 Subtle Effects。
4,ae2,appliedenergistics2-26.1.10-beta.346110f2.jar,both,,archive.teacon.cn,https://archive.teacon.cn/2026/ci/extra/appliedenergistics2-26.1.10-beta.346110f2.346110f2.jar,https://github.com/AppliedEnergistics/Applied-Energistics-2,Mod dependency of ae2 / Managed by Biluochun
5,AnvilLib,anvillib-neoforge-26.1-2.0.0+snapshot.494.jar,both,,archive.teacon.cn,https://archive.teacon.cn/jiachen/ci/extra/anvillib-neoforge-26.1-2.0.0%2Bsnapshot.494.731d2a29.jar,,Mod dependency of AnvilLib / Managed by Biluochun
6,Arcanism,programmable_magic-0.1.3.jar,both,,archive.teacon.cn,https://archive.teacon.cn/2026/ci/build/team-programmable-magic/programmable-magic-40.jar,,Arcanism by Arcanism / 魔导主义 开发组 / Build #40 / Arcanism 是一个融合了科技要素和编程要素的魔法mod. 这个mod以魔力的生产与消耗作为核心玩法构建
7,AreaControl NeoForge 26.1,AreaControl-NeoForge-26.1-0.9.17.jar,both,,archive.teacon.cn,https://archive.teacon.cn/maven/org/teacon/AreaControl-NeoForge-26.1/0.9.17/AreaControl-NeoForge-26.1-0.9.17.jar,,Mod dependency of AreaControl NeoForge 26.1 / Included inside official TeaCon mod list
8,auth me,auth-me-sgiODmNN.jar,client,,archive.teacon.cn,https://archive.teacon.cn/maven/maven/modrinth/auth-me/sgiODmNN/auth-me-sgiODmNN.jar,,Mod dependency of auth me / Included inside official TeaCon mod list
9,Baihao NeoForge 26.1,Baihao-NeoForge-26.1-1.0.8.jar,both,,archive.teacon.cn,https://archive.teacon.cn/maven/org/teacon/Baihao-NeoForge-26.1/1.0.8/Baihao-NeoForge-26.1-1.0.8.jar,,Mod dependency of Baihao NeoForge 26.1 / Included inside official TeaCon mod list
10,Bakeries,bakeries-1.0.0.jar,both,,archive.teacon.cn,https://archive.teacon.cn/2026/ci/build/team-bakeries/bakeries-43.jar,https://github.com/Renyigesai/bakery,Bakeries by Renyigesai / Build #43 / 添加了和烘焙相关的内容。
11,BoxDeco,boxdeco-1.0.0.jar,both,,archive.teacon.cn,https://archive.teacon.cn/2026/ci/build/team-boxdeco/boxdeco-9.jar,,BoxDeco by Zbx1425 / Build #9 / 内含装饰方块。https://modrinth.com/mod/boxdeco
12,Cauldron++,cauldronpp-1.0.2.jar,both,,archive.teacon.cn,https://archive.teacon.cn/2026/ci/build/team-cauldronpp/cauldronpp-8.jar,,Cauldron++ by redColmula55 / Build #8 / Cauldron++是一个小型mod，旨在高版本Minecraft中还原Minecraft Beta1.9-pre2中使
13,Caupona,Caupona-26.1.2-6.1.4.jar,both,,archive.teacon.cn,https://archive.teacon.cn/jiachen/ci/extra/Caupona-26.1.2-6.1.4.5ea00e84.jar,,Mod dependency of Caupona / Managed by Biluochun
14,Channel,channel-26.1.2-39+beta.jar,both,,archive.teacon.cn,https://archive.teacon.cn/2026/ci/build/team-channel/channel-77.jar,,Channel by 真是炕炕又踢踢啊 / Build #77 / 自由地与大家在游戏中讲话。
15,chatbox,chatbox-26.1.2-1.1.4.jar,both,,archive.teacon.cn,https://archive.teacon.cn/2026/ci/build/team-chatbox/chatbox-10.jar,,chatbox by Ciallo～(∠・ω< ) / Build #10 / 在MC里玩旮旯给木也是一种独特的体验吧
16,ChromeBall NeoForge 26.1.2,ChromeBall-NeoForge-26.1.2-0.8.1.jar,both,,archive.teacon.cn,https://archive.teacon.cn/maven/org/teacon/ChromeBall-NeoForge-26.1.2/0.8.1/ChromeBall-NeoForge-26.1.2-0.8.1.jar,,Mod dependency of ChromeBall NeoForge 26.1.2 / Included inside official TeaCon mod list
17,Cloth Config,cloth-config-26.1.154.jar,both,,archive.teacon.cn,https://archive.teacon.cn/2026/ci/extra/cloth-config-26.1.154.d9147c85.jar,https://github.com/shedaniel/ClothConfig,Mod dependency of Cloth Config / Managed by Biluochun
18,CommandConfirm NeoForge 26,CommandConfirm-NeoForge-26-1.2.1.jar,both,,archive.teacon.cn,https://archive.teacon.cn/maven/org/teacon/CommandConfirm-NeoForge-26/1.2.1/CommandConfirm-NeoForge-26-1.2.1.jar,,Mod dependency of CommandConfirm NeoForge 26 / Included inside official TeaCon mod list
19,continuity,continuity-3.0.1-0.0.8.jar,client,,archive.teacon.cn,https://archive.teacon.cn/2026/ci/extra/continuity-3.0.1-0.0.8.c4780ff4.jar,https://github.com/PepperCode1/Continuity,Mod dependency of continuity / Managed by Biluochun
20,Craton（克拉通）,Craton-26.1.2-neoforge-0.1.jar,both,,archive.teacon.cn,https://archive.teacon.cn/2026/ci/build/team-craton/craton-12.jar,,Craton（克拉通） by CratonMC / Build #12 / 一个研究地质学的mod，目前主要计划是做岩层。
21,Crock Pot,CrockPot-26.1.2-0.1.0-beta.jar,both,,archive.teacon.cn,https://archive.teacon.cn/2026/ci/build/team-crockpot/crockpot-98.jar,,Crock Pot by SSVMM / Build #98 / 将饥荒（Don't Starve）中的烹饪锅带进 Minecraft 中。
22,Curios API,curios-neoforge-15.0.0-beta.2+26.1.2.jar,both,,archive.teacon.cn,https://archive.teacon.cn/2026/ci/extra/curios-neoforge-15.0.0-beta.2%2B26.1.2.dd19b096.jar,https://github.com/TheIllusiveC4/Curios,Mod dependency of Curios API / Managed by Biluochun
23,diagonal fences,diagonal-fences-26.1.0.jar,both,,archive.teacon.cn,https://archive.teacon.cn/maven/maven/modrinth/diagonal-fences/26.1.0/diagonal-fences-26.1.0.jar,,Mod dependency of diagonal fences / Included inside official TeaCon mod list
24,Distant Horizons,DistantHorizons-3.2.0-b-26.1.2-fabric-neoforge.jar,client,Y,cdn.modrinth.com,https://cdn.modrinth.com/data/uCdwusMi/versions/c0SAW45X/DistantHorizons-3.2.0-b-26.1.2-fabric-neoforge.jar,,Optional client-side level-of-detail rendering.
25,enchanted vertical slabs,enchanted-vertical-slabs-EUlKZFNN.jar,both,,archive.teacon.cn,https://archive.teacon.cn/maven/maven/modrinth/enchanted-vertical-slabs/EUlKZFNN/enchanted-vertical-slabs-EUlKZFNN.jar,,Mod dependency of enchanted vertical slabs / Included inside official TeaCon mod list
26,ferrite core,ferrite-core-9.0.0-neoforge.jar,both,,archive.teacon.cn,https://archive.teacon.cn/maven/maven/modrinth/ferrite-core/9.0.0-neoforge/ferrite-core-9.0.0-neoforge.jar,https://github.com/malte0811/FerriteCore,Mod dependency of ferrite core / Included inside official TeaCon mod list
27,GeckoLib,geckolib-neoforge-26.1.2-5.5.1.jar,both,,archive.teacon.cn,https://archive.teacon.cn/2026/ci/extra/geckolib-neoforge-26.1.2-5.5.1.9c603a1b.jar,https://github.com/bernie-g/geckolib,Mod dependency of GeckoLib / Managed by Biluochun
28,Girlfriends,girlfriends-0.1.0+mc26.1.2.jar,both,,archive.teacon.cn,https://archive.teacon.cn/2026/ci/build/team-girlfriends/girlfriends-14.jar,,Girlfriends by 重生之我在 TeaCon 做 Galgame / Build #14 / > 一个人挖矿、建造、探索——这是许多玩家熟悉的世界。 / > 但如果有一天，你发现某个角落藏着
29,Grack,grack-0.1.jar,both,,archive.teacon.cn,https://archive.teacon.cn/2026/ci/build/team-grack/grack-7.jar,,Grack by MaxPixel Studios Development γ / Build #7 / 众所周知，Minecraft中有数据包，而CraftTweaker、KubeJS等mod可以让
30,guide_me_to,guide_me_to-26.1.2-6.jar,both,,archive.teacon.cn,https://archive.teacon.cn/maven/cn/uss-shenzhou/guide_me_to/26.1.2-6/guide_me_to-26.1.2-6.jar,,Mod dependency of guide_me_to / Included inside official TeaCon mod list
31,guideme,guideme-26.1.12-beta.jar,both,,archive.teacon.cn,https://archive.teacon.cn/jiachen/ci/extra/guideme-26.1.12-beta.5494b2cd.jar,https://github.com/AppliedEnergistics/GuideME,Mod dependency of guideme / Managed by Biluochun
32,hotbaaaar,hotbaaaar-26.1.2-2.jar,both,,archive.teacon.cn,https://archive.teacon.cn/maven/cn/uss-shenzhou/hotbaaaar/26.1.2-2/hotbaaaar-26.1.2-2.jar,,Mod dependency of hotbaaaar / Included inside official TeaCon mod list
33,Iris Shaders,iris-neoforge-1.10.9+mc26.1.1.jar,client,Y,cdn.modrinth.com,https://cdn.modrinth.com/data/YL57xq9U/versions/YEGDGnJM/iris-neoforge-1.10.9%2Bmc26.1.1.jar,https://github.com/IrisShaders/Iris,Optional client-side shader support.
34,jecharacters NeoForge 26.1.2,jecharacters-NeoForge-26.1.2-26.0.9.jar,client,,archive.teacon.cn,https://archive.teacon.cn/maven/org/teacon/jecharacters-NeoForge-26.1.2/26.0.9/jecharacters-NeoForge-26.1.2-26.0.9.jar,https://github.com/Towdium/JustEnoughCharacters,Mod dependency of jecharacters NeoForge 26.1.2 / Included inside official TeaCon mod list
35,jei,jei-9G0iRx9i.jar,both,,archive.teacon.cn,https://archive.teacon.cn/maven/maven/modrinth/jei/9G0iRx9i/jei-9G0iRx9i.jar,,Mod dependency of jei / Included inside official TeaCon mod list
36,KilaGraph,kilagraphdemo-neoforge-26.1-26.1.0.3.jar,both,,archive.teacon.cn,https://archive.teacon.cn/2026/ci/build/team-kilagraphdemo/kilagraphdemo-15.jar,https://github.com/Low-Drag-MC/KilaGraph,KilaGraph by 图灵机 / Build #15 / 这个mod是对KilaGraph的展示，KilaGraph是一个面向Minecraft的可视化节点图工具包。 / KilaGraph基于l
37,Kiwi NeoForge 26.1.2,Kiwi-NeoForge-26.1.2-26.0.9.jar,both,,archive.teacon.cn,https://archive.teacon.cn/maven/org/teacon/Kiwi-NeoForge-26.1.2/26.0.9/Kiwi-NeoForge-26.1.2-26.0.9.jar,,Mod dependency of Kiwi NeoForge 26.1.2 / Included inside official TeaCon mod list
38,Kotlin For Forge,kotlinforforge-6.2.0-all.9114aa0f.jar,both,,archive.teacon.cn,https://archive.teacon.cn/2026/ci/extra/kotlinforforge-6.2.0-all.9114aa0f.jar,https://github.com/thedarkcolour/KotlinForForge,Mod dependency of Kotlin For Forge / Managed by Biluochun
39,Lights up(舞台灯光),lights_up-1.0.0.jar,both,,archive.teacon.cn,https://archive.teacon.cn/2026/ci/build/team-lights-up/lights-up-6.jar,,Lights up(舞台灯光) by Ti adventurers' party / Build #6 / 一个画大饼模组，计划添加一堆舞台灯光及其操作到游戏内。Ti团队似乎并没有多少时间来完成这个模
40,LiveHelper,live_helper-1.0.0-all.jar,both,,archive.teacon.cn,https://archive.teacon.cn/2026/ci/build/team-live-helper/live-helper-25.jar,,LiveHelper by LiveHelper 直播助手 / Build #25 / 支持多机位直播。 / - 将渲染结果通过 Spout 库推流至外部程序 (如 OBS)； / - 基于 WebA
41,LowDragLib2,ldlib2-neoforge-26.1-26.1.2.31.jar,both,,archive.teacon.cn,https://archive.teacon.cn/jiachen/ci/extra/ldlib2-neoforge-26.1-26.1.2.31.a5706858.jar,,Mod dependency of LowDragLib2 / Managed by Biluochun
42,LuckPerms NeoForge,LuckPerms-NeoForge-5.5-20260902.124952-3-all.jar,both,,archive.teacon.cn,https://archive.teacon.cn/maven/me/lucko/luckperms/LuckPerms-NeoForge/5.5-SNAPSHOT/LuckPerms-NeoForge-5.5-20260902.124952-3-all.jar,,Mod dependency of LuckPerms NeoForge / Included inside official TeaCon mod list
43,MadParticle,madparticle-26.1.2-13.jar,both,,archive.teacon.cn,https://archive.teacon.cn/2026/ci/build/team-madparticle/madparticle-126.jar,,MadParticle by 真是踢踢又炕炕啊 / Build #126 / 比上一届和上上一届更多的粒子。
44,Mekanism:More Machine,mekmm-26.1.2-2.0.0.jar,both,,archive.teacon.cn,https://archive.teacon.cn/2026/ci/build/team-mekmm/mekmm-74.jar,,Mekanism:More Machine by LostOurselves / Build #74 / MekMM为通用机械添加了种植机和复制机，以及氧化机、溶解机等机器的工厂版本。 /  / CF
45,MinecartRevolution,minecartrevolution-1.0.1.jar,both,,archive.teacon.cn,https://archive.teacon.cn/2026/ci/build/team-minecartrevolution/minecartrevolution-82.jar,,MinecartRevolution by MinecartRevolution Dev / Build #82 / 在 Minecraft 中，我们只有熔炉、漏斗、箱子、刷怪笼、指令方块和 TNT 
46,Minecraft Mod MCP,minecraft-moddev-mcp-neoforge-26.1.2-0.2.0.jar,both,,archive.teacon.cn,https://archive.teacon.cn/2026/ci/build/team-mcpmod/mcpmod-4.jar,,Minecraft Mod MCP by 鱼塘创富交流群 / Build #4 / Minecraft 模组的 Agent 模型上下文协议设施
47,Mino++,minopp-1.5.0+26.1.2-neoforge.jar,both,,archive.teacon.cn,https://archive.teacon.cn/2026/ci/build/team-minopp/minopp-105.jar,,Mino++ by Zbx1425 & MalayP / Build #105 / 在 Minecraft 里实现一个特定的著名桌游。https://modrinth.com/mod/minopp
48,modern ui,modern-ui-3.13.0.5.jar,client,,archive.teacon.cn,https://archive.teacon.cn/maven/maven/modrinth/modern-ui/3.13.0.5/modern-ui-3.13.0.5.jar,https://github.com/BloCamLimb/ModernUI-MC,Mod dependency of modern ui / Included inside official TeaCon mod list
49,Nature Rebirth,nature_rebirth-1.0.4.jar,both,,archive.teacon.cn,https://archive.teacon.cn/2026/ci/build/team-nature-rebirth/nature-rebirth-13.jar,,Nature Rebirth by 嗨皮的布拿拿 / Build #13 / 一个让Minecraft中那些不可再生资源变得可量产的模组
50,Neo ECO AE Extension,neoecoae-1.3.4.jar,both,,archive.teacon.cn,https://archive.teacon.cn/2026/ci/build/team-neoecoae/neoecoae-9.jar,,Neo ECO AE Extension by Make AE2 Great Again / Build #9 / Neo Eco AE Extension 为 应用能源2 引入了三种大型核心组件，将
51,NeoMTR 纸板箱特色我的世界铁路,NeoMTR-300.6.1+26.1.2.jar,both,,archive.teacon.cn,https://archive.teacon.cn/2026/ci/build/team-mtr/mtr-129.jar,,NeoMTR 纸板箱特色我的世界铁路 by NeoMTR 项目参与人员 / Build #129 / 全自动运行的拟真轨道交通系统。 基于 MTR3+NTE 的延续开发项目。 / https://mo
52,NeoMystiasIzakaya,neo_mystias_izakaya-neoforge-26.1.6.jar,both,,archive.teacon.cn,https://archive.teacon.cn/2026/ci/build/team-neo-mystias-izakaya/neo-mystias-izakaya-67.jar,,NeoMystiasIzakaya by mc幻想乡 / Build #67 / NeoMystiasIzakaya 制作决定！ / 决定参展teacon2026！ / 原班人马，两家食堂合作，全新体
53,NetherLink,netherlink-26.1.2-neoforge-0.1.0-tc.jar,both,,archive.teacon.cn,https://archive.teacon.cn/2026/ci/build/team-netherlink/netherlink-19.jar,,NetherLink by 暮の音 / Build #19 / 在较低的 MC 版本实现官方联机与好友功能的接入的同时，提供了一个能够通过好友列表进入专用服务端的新开服方式。 / 模组介绍（官网） h
54,NetMusic 网络音乐机,netmusic-1.5.1-neoforge+mc26.1-all.jar,both,,archive.teacon.cn,https://archive.teacon.cn/2026/ci/build/team-netmusic/netmusic-40.jar,https://github.com/TartaricAcid/NetMusic,NetMusic 网络音乐机 by NetMusic 制作委员会 / Build #40 / 一个允许你在 Minecraft 中播放网络音乐与广播的模组
55,NotEnoughBandwidth NeoForge 26.1,NotEnoughBandwidth-NeoForge-26.1-0.2.20.jar,both,,archive.teacon.cn,https://archive.teacon.cn/maven/org/teacon/NotEnoughBandwidth-NeoForge-26.1/0.2.20/NotEnoughBandwidth-NeoForge-26.1-0.2.20.jar,,Mod dependency of NotEnoughBandwidth NeoForge 26.1 / Included inside official TeaCon mod list
56,NotWaitingForServer,NotWaitingForServer-26.1.8+neoforge.jar,both,,archive.teacon.cn,https://archive.teacon.cn/maven/maven/modrinth/NotWaitingForServer/26.1.8%2Bneoforge/NotWaitingForServer-26.1.8%2Bneoforge.jar,,Mod dependency of NotWaitingForServer / Included inside official TeaCon mod list
57,nowaterupdate,nowaterupdate-26.1.2-1.jar,both,,archive.teacon.cn,https://archive.teacon.cn/maven/cn/uss-shenzhou/nowaterupdate/26.1.2-1/nowaterupdate-26.1.2-1.jar,,Mod dependency of nowaterupdate / Included inside official TeaCon mod list
58,ObeliskDepths,ObeliskDepths-NeoForge-26.1.2.87-0.0.1-0.0.1.jar,both,,archive.teacon.cn,https://archive.teacon.cn/2026/ci/build/team-obeliskdepths/obeliskdepths-43.jar,,ObeliskDepths by 地牢深处 / Build #43 / 添加了一个新的地牢维度和一些方块
59,Orga's AutoSprint,autosprint-0.org-itk.0.1.jar,both,,archive.teacon.cn,https://archive.teacon.cn/2026/ci/build/team-autosprint/autosprint-6.jar,,Orga's AutoSprint by 铁华团 / Build #6 / 像MMORPG一样一键切换行走，解放W键……只要不停下来，道路就会不断延伸。
60,Phone Generator,phone_generator-1.0.0.jar,both,,archive.teacon.cn,https://archive.teacon.cn/2026/ci/build/team-phone-generator/phone-generator-22.jar,,Phone Generator by 摇就对了 / Build #22 / 扫描发电机二维码，与发电机完成配对，大力摇动手机进行发电
61,Player Animation Library,PlayerAnimationLibMerged-1.2.3+mc.26.1.jar,both,,archive.teacon.cn,https://archive.teacon.cn/2026/ci/extra/PlayerAnimationLibMerged-1.2.3%2Bmc.26.1.f151e6ce.jar,,Mod dependency of Player Animation Library / Managed by Biluochun
62,PowerTool NeoForge 26.1,PowerTool-NeoForge-26.1-1.5.30.jar,both,,archive.teacon.cn,https://archive.teacon.cn/maven/org/teacon/PowerTool-NeoForge-26.1/1.5.30/PowerTool-NeoForge-26.1-1.5.30.jar,,Mod dependency of PowerTool NeoForge 26.1 / Included inside official TeaCon mod list
63,ProjectMe 26.1.2,ProjectMe-26.1.2-0.5.0.jar,both,,archive.teacon.cn,https://archive.teacon.cn/maven/cn/zbx1425/ProjectMe-26.1.2/0.5.0/ProjectMe-26.1.2-0.5.0.jar,,Mod dependency of ProjectMe 26.1.2 / Included inside official TeaCon mod list
64,puzzles lib,puzzles-lib-26.1.11.jar,both,,archive.teacon.cn,https://archive.teacon.cn/maven/maven/modrinth/puzzles-lib/26.1.11/puzzles-lib-26.1.11.jar,https://github.com/Fuzss/puzzleslib,Mod dependency of puzzles lib / Included inside official TeaCon mod list
65,Shake n Stir,shakenstir-1.0.0.jar,both,,archive.teacon.cn,https://archive.teacon.cn/2026/ci/build/team-shakenstir/shakenstir-63.jar,,Shake n Stir by hawah / Build #63 / 真希望能在游戏中也恣意调酒！ / 怀着这样的愿景，本模组加入了完整的调酒玩法。玩家可以通过拟真的调酒流程，自由调制各种饮品，与朋
66,SignMeUp NeoForge 26.1,SignMeUp-NeoForge-26.1-1.1.12.jar,both,,archive.teacon.cn,https://archive.teacon.cn/maven/org/teacon/SignMeUp-NeoForge-26.1/1.1.12/SignMeUp-NeoForge-26.1-1.1.12.jar,,Mod dependency of SignMeUp NeoForge 26.1 / Included inside official TeaCon mod list
67,Sip Moment,sip_moment-1.0.0.jar,both,,archive.teacon.cn,https://archive.teacon.cn/2026/ci/build/team-sip-moment/sip-moment-14.jar,,Sip Moment by 小酌一刻开发组 / Build #14 / 模组添加一些饮品，这一杯，这一刻，让心相连。
68,SlideShow NeoForge 26.1.2,SlideShow-NeoForge-26.1.2-0.10.11.jar,both,,archive.teacon.cn,https://archive.teacon.cn/maven/org/teacon/SlideShow-NeoForge-26.1.2/0.10.11/SlideShow-NeoForge-26.1.2-0.10.11.jar,,Mod dependency of SlideShow NeoForge 26.1.2 / Included inside official TeaCon mod list
69,Sodium,sodium-neoforge-0.8.12+mc26.1.2.jar,client,Y,cdn.modrinth.com,https://cdn.modrinth.com/data/AANobbMI/versions/775xoFNg/sodium-neoforge-0.8.12%2Bmc26.1.2.jar,https://github.com/CaffeineMC/sodium,Optional client-side rendering optimization.
70,spark,spark-1.10.172-neoforge.jar,both,,archive.teacon.cn,https://archive.teacon.cn/maven/maven/modrinth/spark/1.10.172-neoforge/spark-1.10.172-neoforge.jar,https://github.com/lucko/spark,Mod dependency of spark / Included inside official TeaCon mod list
71,stoneworks,stoneworks-yI3EuefP.jar,both,,archive.teacon.cn,https://archive.teacon.cn/maven/maven/modrinth/stoneworks/yI3EuefP/stoneworks-yI3EuefP.jar,,Mod dependency of stoneworks / Included inside official TeaCon mod list
72,T88,t88-26.1.2-1.jar,both,,archive.teacon.cn,https://archive.teacon.cn/2026/ci/extra/t88-26.1.2-1.6469d76f.jar,,Mod dependency of T88 / Managed by Biluochun
73,TeasupFlavorRequest 26.1.2,TeasupFlavorRequest-26.1.2-0.1.0+1.jar,client,,archive.teacon.cn,https://archive.teacon.cn/maven/cn/zbx1425/TeasupFlavorRequest-26.1.2/0.1.0%2B1/TeasupFlavorRequest-26.1.2-0.1.0%2B1.jar,,Mod dependency of TeasupFlavorRequest 26.1.2 / Included inside official TeaCon mod list
74,TetrachordLib,tetrachordlib-26.1+1.0.3.jar,both,,archive.teacon.cn,https://archive.teacon.cn/2026/ci/extra/tetrachordlib-26.1%2B1.0.3.6ec3aabc.jar,,Mod dependency of TetrachordLib / Managed by Biluochun
75,ThatSkyInteractions,thatskyinteractions-26.1.2-2.1.0-rc2.jar,both,,archive.teacon.cn,https://archive.teacon.cn/2026/ci/build/team-thatskyinteractions/thatskyinteractions-129.jar,,ThatSkyInteractions by ThatSkyMC / Build #129 / 本模组受游戏《光·遇》启发，将其部分玩家互动机制引入Minecraft。设计上延续原作中对非暴力互动的探
76,ToadSync NeoForge 26.1.2,ToadSync-NeoForge-26.1.2-0.2.4.jar,both,,archive.teacon.cn,https://archive.teacon.cn/maven/org/teacon/ToadSync-NeoForge-26.1.2/0.2.4/ToadSync-NeoForge-26.1.2-0.2.4.jar,,Mod dependency of ToadSync NeoForge 26.1.2 / Included inside official TeaCon mod list
77,Valorant,valorant-1.0.0.jar,both,,archive.teacon.cn,https://archive.teacon.cn/2026/ci/build/team-valorant/valorant-9.jar,,Valorant by 一起来瓦 / Build #9 / 复刻了一些瓦罗兰特角色技能 / https://www.curseforge.com/minecraft/mc-mods/vlorant
78,VoteMe NeoForge 26.1.2,VoteMe-NeoForge-26.1.2-0.10.3.jar,both,,archive.teacon.cn,https://archive.teacon.cn/maven/org/teacon/VoteMe-NeoForge-26.1.2/0.10.3/VoteMe-NeoForge-26.1.2-0.10.3.jar,,Mod dependency of VoteMe NeoForge 26.1.2 / Included inside official TeaCon mod list
79,V我50,vw50-1.0.0.jar,both,,archive.teacon.cn,https://archive.teacon.cn/2026/ci/build/team-vw50/vw50-8.jar,,V我50 by 手气最佳 / Build #8 / 老板大气！
80,WorldEditCUI NeoForge 26.1.2,WorldEditCUI-NeoForge-26.1.2-643d105.jar,both,,archive.teacon.cn,https://archive.teacon.cn/maven/org/teacon/WorldEditCUI-NeoForge-26.1.2/643d105/WorldEditCUI-NeoForge-26.1.2-643d105.jar,https://github.com/zbx1425/WorldEditCUI-Arch,Mod dependency of WorldEditCUI NeoForge 26.1.2 / Included inside official TeaCon mod list
81,x3d map,x3d_map-1.0.13.jar,both,,archive.teacon.cn,https://archive.teacon.cn/2026/ci/build/team-x3d-map/x3d-map-64.jar,,"x3d map by xkball and ?, Ⅰ / Build #64 / 3d世界地图"
82,Xibao NeoForge 26.1,Xibao-NeoForge-26.1-5.0.2.jar,both,,archive.teacon.cn,https://archive.teacon.cn/maven/org/teacon/Xibao-NeoForge-26.1/5.0.2/Xibao-NeoForge-26.1-5.0.2.jar,,Mod dependency of Xibao NeoForge 26.1 / Included inside official TeaCon mod list
83,XKDeco NeoForge 26.1.2,XKDeco-NeoForge-26.1.2-2.0.0.2.jar,both,,archive.teacon.cn,https://archive.teacon.cn/maven/org/teacon/XKDeco-NeoForge-26.1.2/2.0.0.2/XKDeco-NeoForge-26.1.2-2.0.0.2.jar,,Mod dependency of XKDeco NeoForge 26.1.2 / Included inside official TeaCon mod list
84,YetAnotherConfigLib (YACL),yet_another_config_lib_v3-3.9.3+26.1-neoforge.efecea6b.jar,both,,archive.teacon.cn,https://archive.teacon.cn/2026/ci/extra/yet_another_config_lib_v3-3.9.3%2B26.1-neoforge.efecea6b.jar,https://github.com/isXander/YetAnotherConfigLib,Mod dependency of YetAnotherConfigLib (YACL) / Managed by Biluochun
85,万物皆可绳,super_lead-0.4.9-beta.jar,both,,archive.teacon.cn,https://archive.teacon.cn/2026/ci/build/team-super-lead/super-lead-56.jar,,万物皆可绳 by 众猫抬猫猫猫高 / Build #56 / 你有没有想过，拴绳除了拴猪，还能干点别的？ /  / 这个模组优化了原版拴绳——红石传导、能量输送、物品运输、流体流通，全都靠一根绳子搞定
86,中键标点,middle_key_ping-neoforge-26.1.2-2.0.0+pr.15.jar,both,,archive.teacon.cn,https://archive.teacon.cn/2026/ci/build/team-middle-key-ping/middle-key-ping-15.jar,,中键标点 by 铁砧工艺开发组-中键标点 / Build #15 / 《Minecraft》的世界很大，大到两个人的相遇往往只差一句“我在哪儿”。我们习惯了打字、开语音、甚至用力跳起来挥剑来吸引注意。
87,书信，信号，电话,letter_signal_phone-1.0.0.jar,both,,archive.teacon.cn,https://archive.teacon.cn/2026/ci/build/team-letter-signal-phone/letter-signal-phone-14.jar,,书信，信号，电话 by 镭射牌 / Build #14 / 本模组以玩家之间的通讯方式为主，目前包含“书信”，“电报”，“打电话”等主要方式。此外，加入了收集邮票的系统。
88,以太工艺,ether_craft-0.4.1_mc26.1.2.jar,both,,archive.teacon.cn,https://archive.teacon.cn/2026/ci/build/team-ether-craft/ether-craft-106.jar,,以太工艺 by FantasyIT Studio / Build #106 / 《Minecraft》原版的物流与自动化常局限于漏斗、矿车和红石，而这个模组围绕“以太”这一核心资源，构建了一套全新的科
89,伊卡洛斯之翼,locusazzurro_icaruswings-26.1.2-0.7.0.jar,both,,archive.teacon.cn,https://archive.teacon.cn/2026/ci/build/team-locusazzurro-icaruswings/locusazzurro-icaruswings-36.jar,,"伊卡洛斯之翼 by 踢炕空域管制中心 / Build #36 / A story about bees, feather and the sky. A testament to human ingen"
90,会饮,repo-26.1.2-3.0.jar,both,,archive.teacon.cn,https://archive.teacon.cn/2026/ci/build/team-convivium/convivium-197.jar,,会饮 by IEEM 9v8 Trivium Society / Build #197 / “会饮”，是古希腊社会普遍流行的一种习俗，即人们在宴会上通过歌颂诸神和饮酒举行庆祝。而中国自古就有以酒会友，
91,伤害枢纽,damagenexus-0.1.0.jar,both,,archive.teacon.cn,https://archive.teacon.cn/2026/ci/build/team-damagenexus/damagenexus-45.jar,,伤害枢纽 by Damage Rebuilder / Build #45 / DamageNexus 是一个 NeoForge 伤害管线重构框架：它将原版伤害拆入可数据驱动的伤害通道、应用桶、阶段处理
92,傀儡装配（Modular Golems）,modulargolems-26.1.2.0+12+dungeon.jar,both,,archive.teacon.cn,https://archive.teacon.cn/2026/ci/build/team-modulargolems/modulargolems-97.jar,https://github.com/Minecraft-LightLand/ModularGolems,傀儡装配（Modular Golems） by LightLand / Build #97 / 傀儡装配（Modular Golems），直译模块化傀儡，这是一个以创造傀儡为主题的模组。 / 它增加了
93,八角,anisum-neoforge-26.1.2-0.0.1+build.18.jar,both,,archive.teacon.cn,https://archive.teacon.cn/2026/ci/build/team-anisum/anisum-18.jar,,八角 by 八角开发组 / Build #18 / 《Minecraft》的创造模式物品栏，是一个诞生了十多年的老地方。它的规则很简单：方块、物品、工具，分门别类，排好，等你来取。但当模组把越来越多的
94,兰法斯：本德森之章,lanfasie_benderson-0.1.1.jar,both,,archive.teacon.cn,https://archive.teacon.cn/2026/ci/build/team-lanfasie-benderson/lanfasie-benderson-45.jar,,兰法斯：本德森之章 by 银小明绝赞爆肝中 / Build #45 / “不祥的气息正从深渊中泄漏，被黑之恶念裹挟着的身影，在狩猎着什么吗？在等待着什么吗？”  / 全新强敌 “深潜空域的团魂” 登场
95,动态的树,dynamictrees-neoforge-26.1.2-1.8.0-BETA03.jar,both,,archive.teacon.cn,https://archive.teacon.cn/2026/ci/build/team-dynamictrees/dynamictrees-7.jar,https://github.com/DynamicTreesTeam/DynamicTrees,动态的树 by 动态的树开发社区（代参展） / Build #7 / 在尊重 Minecraft 图形风格的同时，创造更具动感、美观、有趣和自然外观的树木，并严格控制项目范围，保持简单。 / ----
96,动量,momentum-1.2.10-release.jar,both,,archive.teacon.cn,https://archive.teacon.cn/2026/ci/build/team-momentum/momentum-41.jar,,动量 by Annki / Build #41 / 一个为 Minecraft 增加跑酷与机动动作的模组。 / 滑行、跑墙、闪避……在我的世界中以更顺畅的方式行动。
97,卡里普索的糖果工坊,ccw-v1.3.1-mc26.1.2.jar,both,,archive.teacon.cn,https://archive.teacon.cn/2026/ci/build/team-ccw/ccw-12.jar,,卡里普索的糖果工坊 by 尤里的猫·卡里普索 / Build #12 / 《卡里普索的糖果工坊》是一个轻量级的实用模组，通过简单且具有沉浸感的方式制作各种带有药水效果的软糖。   / 无论是养老的田园
98,吉星工艺（Astral Craft）,astral_craft-neoforge-26.1.2-1.0.0.jar,both,,archive.teacon.cn,https://archive.teacon.cn/2026/ci/build/team-astral-craft/astral-craft-38.jar,,吉星工艺（Astral Craft） by 我真求你了只要别给我骰1你说什么都队 / Build #38 / 我技能准备好了！😎我来收残血！😎看我的连招！😎（🎲=1）怎么会这样！🖥️🦐真是精彩~😅本模
99,吾有一术：新秩序,wenyan_addon-1.0.0.jar,both,,archive.teacon.cn,https://archive.teacon.cn/2026/ci/build/team-wenyan-addon/wenyan-addon-13.jar,,吾有一术：新秩序 by 另有队 附属 / Build #13 / 作为一个附属模组，使用可编程的扩展接口。让符咒们响应指令、执行动作、做出原版规则之外的事。不推翻旧规则，只在其上添一笔自己的注解。这正
100,吾有一術,wenyan_programming-1.0.1.jar,both,,archive.teacon.cn,https://archive.teacon.cn/2026/ci/build/team-wenyan-programming/wenyan-programming-58.jar,,吾有一術 by 吾有一隊 / Build #58 / 使用文言创造奇妙魔法的Minecraft模组。将在teacon间加入许多符咒间通讯功能 / https://www.mcmod.cn/class/
101,圣脾,shengpi-1.0.0.jar,both,,archive.teacon.cn,https://archive.teacon.cn/2026/ci/build/team-shengpi/shengpi-13.jar,,圣脾 by 蜂鸣器 / Build #13 / 两块蜜脾掷向空中。落地，翻面——答案已在面前。无需界面，不扰聊天。原版世界里最朴素的动作，变成了一次完整的占卜。
102,墨迹工艺,inkraft-neoforge-2.0.0+mc26.1.2.jar,both,,archive.teacon.cn,https://archive.teacon.cn/2026/ci/build/team-inkraft/inkraft-95.jar,,墨迹工艺 by 墨迹工艺制作委员会 / Build #95 / 使用Ink脚本语言为Minecraft编写交互式对话。 / https://www.curseforge.com/minecraft/m
103,多彩水晶,colorful_crystals-0.0.1+build.13.jar,both,,archive.teacon.cn,https://archive.teacon.cn/2026/ci/build/team-colorful-crystals/colorful-crystals-13.jar,,多彩水晶 by 好漂亮的水晶啊 / Build #13 / 一些水晶的装饰方块，以及3D的晶簇
104,女仆仓管,26.1.2-maid_storage_manager-2.0.0-neoforge+mc26.1.2.jar,both,,archive.teacon.cn,https://archive.teacon.cn/2026/ci/build/team-maid-storage-manager/maid-storage-manager-10.jar,,女仆仓管 by 仓管女仆 / Build #10 / 一个让女仆管理存储、自动合成和进行一些神秘物流的mod
105,女仆的烘焙坊,maid_bakeries-1.0.0.jar,both,,archive.teacon.cn,https://archive.teacon.cn/2026/ci/build/team-maid-bakeries/maid-bakeries-6.jar,,女仆的烘焙坊 by 女仆的烘焙坊 / Build #6 / 使烘焙坊与车万女仆模组产生联动。
106,女仆的路径剧本,path_script-1.0.0.jar,both,,archive.teacon.cn,https://archive.teacon.cn/2026/ci/build/team-path-script/path-script-13.jar,,女仆的路径剧本 by 拿着路径剧本的女仆 / Build #13 / 女仆非常可爱，如果能让女仆为玩家带路，就像广大RPG里的主角跟随着游戏角色的指引，在女仆的讲解和带领下，逐步展开对地图/模组/其他
107,家具计划,furnitureplan-0.1.00.jar,both,,archive.teacon.cn,https://archive.teacon.cn/2026/ci/build/team-furnitureplan/furnitureplan-42.jar,,家具计划 by Ti adventurers' party / Build #42 / 开发这个模组的想法源于我们的内网服务器。我们都是高中生，暑假开服玩，在长时间的生存后，一位同学希望新增一些家具，
108,展示玩偶（Display Doll）,displaydoll-1.0.0-neoforge+mc26.1.2.jar,both,,archive.teacon.cn,https://archive.teacon.cn/2026/ci/build/team-displaydoll/displaydoll-11.jar,,展示玩偶（Display Doll） by TeaCon / Build #11 / 放置你的玩偶，摆出你的姿态，展示那些相遇的故事。
109,山河同契,repo-26.1.2-0.0.1+build.13.jar,both,,archive.teacon.cn,https://archive.teacon.cn/2026/ci/build/team-bonded-peaks/bonded-peaks-13.jar,,山河同契 by 天枢开发组-山河同契 / Build #13 / 以山河为契，结同袍之队
110,工业基石,industrybase-26.1.2-1.0-alpha.jar,both,,archive.teacon.cn,https://archive.teacon.cn/2026/ci/build/team-industrybase/industrybase-126.jar,,工业基石 by 斌政工作室 / Build #126 / 机械、电力与更真实的流体管道。 / https://www.mcmod.cn/class/10791.html
111,幻想存有论,gensokyoontology-1.0.0.jar,both,,archive.teacon.cn,https://archive.teacon.cn/2026/ci/build/team-gensokyoontology/gensokyoontology-32.jar,,幻想存有论 by 拟型悖论 - Pseudoparadox / Build #32 / 本模组是一个旨在还原幻想乡人物角色、场景地形、战斗探索与建筑结构的冒险类模组，为Minecraft添加了一个幻想
112,急,hurriedness-0.1.jar,both,,archive.teacon.cn,https://archive.teacon.cn/2026/ci/build/team-hurriedness/hurriedness-13.jar,,急 by MaxPixel Studios Development / Build #13 / 你已急哭。你已急爆。 / 对着万物急，何尝不是在建立连接呢（
113,我想加入天际俯冲 Skyward Dive,skywarddive-1.0.0.jar,both,,archive.teacon.cn,https://archive.teacon.cn/2026/ci/build/team-skywarddive/skywarddive-19.jar,,我想加入天际俯冲 Skyward Dive by 那是……无法到达的地方 / Build #19 / 准备飞了，准备飞了，哥们儿😎😎 / 我这枪捡两回都没捡上。😡😡 / 快走，快走，缩圈了😩😩 / 我
114,我的尖塔,minethespire-0.0.1.jar,both,,archive.teacon.cn,https://archive.teacon.cn/2026/ci/build/team-minethespire/minethespire-10.jar,,我的尖塔 by 永远的怕酱 / Build #10 / 将《杀戮尖塔》中的有趣内容融入Minecraft
115,拾穗的贸易台,trading_table-1.0.0.jar,both,,archive.teacon.cn,https://archive.teacon.cn/2026/ci/build/team-trading-table/trading-table-25.jar,,拾穗的贸易台 by 神秘魔法书 / Build #25 / 模组增加了两个贸易台方块，现在，和其他玩家贸易往来吧！ / 发布页：https://www.mczwlt.net/resource/lntj
116,拾贰木砧,woodenanvil-26.1-5e28a9c.jar,both,,archive.teacon.cn,https://archive.teacon.cn/2026/ci/build/team-woodenanvil/woodenanvil-6.jar,,拾贰木砧 by 拾贰光尘 / Build #6 / 《拾贰木砧》可以让你在没有足够的铁或受够了传统铁砧的材质的情况下使用铁砧的所有功能，也可以充当一种建筑材料代替原版的栅栏与围墙。
117,撅电报,cc_ms-neoforge-26.1.2-0.1.0.jar,both,,archive.teacon.cn,https://archive.teacon.cn/2026/ci/build/team-cc-ms/cc-ms-10.jar,,撅电报 by CC2001 / Build #10 / 给蹲起加点声音😁 /  / 介绍：https://github.com/C20C01/MorSneak/blob/master/README.m
118,收获：遗产,harvestheritage-1.3.4.jar,both,,archive.teacon.cn,https://archive.teacon.cn/2026/ci/build/team-harvestheritage/harvestheritage-63.jar,,"收获：遗产 by 默默的摸鱼 / Build #63 / ""我很敬佩第一个从草里打出种子的人——说不定那是小麦种子呢。"" / 当人们第一次从草丛中收获小麦种子时，可曾想过：真的只有小麦种子吗？将种子播"
119,方块小镇,yuushya-26.1-neoforge-2.3.0.jar,both,,archive.teacon.cn,https://archive.teacon.cn/2026/ci/build/team-yuushya/yuushya-69.jar,,方块小镇 by 方块小镇制作组 / Build #69 / Yuushya是一个结合Mod与材质的建筑系列。 /  / 使用Yuushya系列，你可以建造出惟妙惟肖，生动且真实的小镇景观。驻足于街坊市
120,方块建模,yuushya_modelling-26.1.2-2.4.2.jar,both,,archive.teacon.cn,https://archive.teacon.cn/2026/ci/build/team-yuushya-modelling/yuushya-modelling-36.jar,,方块建模 by 方块建模制作组 / Build #36 / 方块建模模组允许你将任意普通方块转化为模组特殊的轻量实体格式”实体方块“，并提供了许多工具控制此特殊实体方块的位移、旋转等属性。是一个建筑辅
121,方生未逝,living_unvanished-1.0.0.jar,both,,archive.teacon.cn,https://archive.teacon.cn/2026/ci/build/team-living-unvanished/living-unvanished-8.jar,,方生未逝 by 紫剑重工 / Build #8 / 「只要不被遗忘，它们就没有真正灭绝」 / 玩家穿行方块世界，探寻埋藏化石的泥潭古迹，寻访散落各地的文献手记，拼凑毛里求斯蓝鸠、袋狼等物种失落的过往。
122,无穷桌游,infinite_board_games-0.1.jar,both,,archive.teacon.cn,https://archive.teacon.cn/2026/ci/build/team-infinite-board-games/infinite-board-games-5.jar,,无穷桌游 by MaxPixel Studios Development ∞ / Build #5 / 五子棋的精神续作。旨在提供一个强大的数据驱动API，使任何人都可以在Minecraft中实现他们
123,无限地牢（Dungeon-Infinity）,dungeon_infinity-26.1.2.4+teacon.52.jar,both,,archive.teacon.cn,https://archive.teacon.cn/2026/ci/build/team-dungeon-infinity/dungeon-infinity-40.jar,,无限地牢（Dungeon-Infinity） by 莱特兰 / Build #40 / 以原版试炼为思路，限制方块交互，融合Roguelike随机迷宫和其他模组联动，带来无尽探险乐趣和丰厚奖励。
124,更多交互,extra_interaction-1.0.jar,both,,archive.teacon.cn,https://archive.teacon.cn/2026/ci/build/team-extra-interaction/extra-interaction-13.jar,,更多交互 by 噶了给墓高寿 / Build #13 / 按下F与方块或实体进行交互！
125,更多的食物,a-better-foods-neoforge-1.3.0.jar,both,,archive.teacon.cn,https://archive.teacon.cn/2026/ci/build/team-a-better-foods/a-better-foods-10.jar,,更多的食物 by CatPixel Craft / Build #10 / 模组为游戏增添了丰富的美食体验，从经典的甜点到世界各地的特色佳肴。
126,更好的打雪仗3：重铸版,bsf3lite-1.0.0.jar,both,,archive.teacon.cn,https://archive.teacon.cn/2026/ci/build/team-bsf3lite/bsf3lite-41.jar,,更好的打雪仗3：重铸版 by 打雪仗工具批发商 / Build #41 / 什么叫做你在雪球里塞石头？什么叫做你在雪球里塞黑洞？什么，没有黑洞了？好吧，也许我们之前在研发的路上一去不复返了，现在是时候
127,更好的鱼竿,betterrod-1.0.1.jar,both,,archive.teacon.cn,https://archive.teacon.cn/2026/ci/build/team-better-rod/better-rod-9.jar,,更好的鱼竿 by wither123 / Build #9 / Minecraft的鱼竿只能勾住单个实体或者钓鱼，但如果它还能干点别的呢？这个mod通过各种钓鱼配件，允许其移动方块，进行攻击等种种玩法
128,最后的上勾拳 One Last Rising Uppercut,olru-0.0.1-alpha.jar,both,,archive.teacon.cn,https://archive.teacon.cn/2026/ci/build/team-olru/olru-20.jar,,最后的上勾拳 One Last Rising Uppercut by 安娜 / Build #20 / 亲爱的，我们再也回不到那个夏天。
129,本机正常,womm-1.0.0.jar,both,,archive.teacon.cn,https://archive.teacon.cn/2026/ci/build/team-womm/womm-28.jar,,本机正常 by 核马先生 / Build #28 / WorksOnMyMachine（本机正常）允许服务器将玩家无缝转移至客户端本地世界中运行的实例空间。
130,来自深渊：弹药包,cartridge-1.1.2.0.jar,both,,archive.teacon.cn,https://archive.teacon.cn/2026/ci/build/team-cartridge/cartridge-32.jar,,来自深渊：弹药包 by Chlamydomonos / Build #32 / 将《来自深渊》中臭名昭著（不）的弹药包（以及上升诅咒系统）加入Minecraft。
131,枢革墟烬,magic_io-1.0.0.jar,both,,archive.teacon.cn,https://archive.teacon.cn/2026/ci/build/team-magic-io/magic-io-30.jar,,枢革墟烬 by 造爻栈 / Build #30 / ——爻动天地，枢革墟烬 /  / 又名：壁砾结chain（乐） /  / 当世界以元素之眼重铸，你将如何从零起步，建起崭新的文明？ /  / 以四大
132,树脂枪,resin_gun-neoforge-26.1.2-0.0.1+build.12.jar,both,,archive.teacon.cn,https://archive.teacon.cn/2026/ci/build/team-resin-gun/resin-gun-12.jar,,树脂枪 by 16-Bit Samurai / Build #12 / 为原版【树脂】添加了新的配方和增加了新的非致命远程武器【树脂枪】，玩家可以使用【树脂团】和【玻璃瓶】合成出【凝胶弹】，将【凝胶弹
133,森罗物语：酒馆,kaleidoscopetavern-1.1.2-neoforge+mc26.1.2.jar,both,,archive.teacon.cn,https://archive.teacon.cn/2026/ci/build/team-kaleidoscope-tavern/kaleidoscope-tavern-13.jar,https://github.com/KaleidoscopeMods/KaleidoscopeTavern,森罗物语：酒馆 by 森罗物语制作组 / Build #13 / 一个为 Minecraft 带来沉浸式酒馆体验的模组，包含完整的酿酒系统与丰富的装饰内容。
134,泰拉巨石,terraria_boulders-1.0.jar,both,,archive.teacon.cn,https://archive.teacon.cn/2026/ci/build/team-terraria-boulders/terraria-boulders-23.jar,,泰拉巨石 by Magic_team.jvav / Build #23 / 将汇流来世的巨石独立成单独mod，并加入一些更有趣的内容
135,海瑞的连锁挖矿,dh_s_veinminer-1.0.13.jar,both,,archive.teacon.cn,https://archive.teacon.cn/2026/ci/build/team-dh-s-veinminer/dh-s-veinminer-26.jar,,海瑞的连锁挖矿 by CloudsMC / Build #26 / 如果连锁挖矿时必须要给镐子附魔，会发生什么？ / 模组mcmod：https://www.mcmod.cn/class/27164.
136,深岩银河激光指示器,drglaserpointer-1.2.0.jar,both,,archive.teacon.cn,https://archive.teacon.cn/2026/ci/build/team-drglaserpointer/drglaserpointer-57.jar,,深岩银河激光指示器 by 深岩银河研发部 / Build #57 / 使用激光指示器标点，提醒你的队友。管理层下达命令所有人去玩深岩银河：异动核心！
137,混沌炼金,transmutatoria-1.0.0.jar,both,,archive.teacon.cn,https://archive.teacon.cn/2026/ci/build/team-transmutatoria/transmutatoria-95.jar,,混沌炼金 by 玫瑰十字会 / Build #95 / 真实不虚，永不说谎，必然带来真理；下如同上，上如同下，依此成全太一的奇迹；万物本是太一，借由分化从太一创造出来；太阳为父，月亮为母，从风孕育，从
138,简单跑酷,parkour-1.0.3+mc26.1.2.jar,both,,archive.teacon.cn,https://archive.teacon.cn/2026/ci/build/team-parkour/parkour-13.jar,,简单跑酷 by 8-Byte Indent / Build #13 / 一个让你与墙、地、水等环境建立深入连接❤的模组，致力于为Minecraft创建更简单易上手的跑酷系统。
139,简单路径查找器,simple_path_finder-0.1.0-neoforge+mc26.1.2.jar,both,,archive.teacon.cn,https://archive.teacon.cn/2026/ci/build/team-simple-path-finder/simple-path-finder-135.jar,,简单路径查找器 by 鱼塘迷失者 / Build #135 / 地下矿洞太复杂？基地房子房间太多找不到朋友？知道目的地坐标但不确定走什么路？来使用物品建立离线导航地图数据然后在客户端寻路吧！ / ht
140,纸带八音盒,cc_mb-neoforge-26.1.2-0.5.4.jar,both,,archive.teacon.cn,https://archive.teacon.cn/2026/ci/build/team-cc-mb/cc-mb-57.jar,,纸带八音盒 by CC2001 / Build #57 / 🎶 / 介绍：https://github.com/C20C01/MusicBox/blob/main/README/README_zh.m
141,织影落花,shadowsandpetals-1.0.0.jar,both,,archive.teacon.cn,https://archive.teacon.cn/2026/ci/build/team-shadowsandpetals/shadowsandpetals-129.jar,,织影落花 by 织影落花制作组 / Build #129 / 织影落花 是一款以和风美学为核心的装饰与农业模组。   / 它围绕“庭院、四季、耕作”展开，加入了大量兼具观赏性与实用性的和风建筑装饰、家
142,网络音乐机：听听B站,net_music_can_play_bili-0.7.10-beta.jar,both,,archive.teacon.cn,https://archive.teacon.cn/2026/ci/build/team-net-music-can-play-bili/net-music-can-play-bili-92.jar,,网络音乐机：听听B站 by B站好声音 / Build #92 / 网络音乐机附属模组，用于支持其播放B站视频/直播的音频流
143,美食世界-Delicacy'World,delicacyworld-0.4.03.jar,both,,archive.teacon.cn,https://archive.teacon.cn/2026/ci/build/team-delicacyworld/delicacyworld-145.jar,,美食世界-Delicacy'World by CreateNewMarvel-03 / Build #145 / 概念性实验测试，将模拟经营与人气装饰玩法结合进MC模组中进行尝试。玩家将扮演一位餐馆老
144,群青,ultramarine-0.8-snapshot.jar,both,,archive.teacon.cn,https://archive.teacon.cn/2026/ci/build/team-ultramarine/ultramarine-13.jar,https://github.com/LocusAzzurro/Ultramarine,群青 by 踢炕龙泡泡专卖 / Build #13 / An ancient Chinese style building blocks and decorations mod.
145,联界门,link_portals-1.0.0.jar,both,,archive.teacon.cn,https://archive.teacon.cn/2026/ci/build/team-link-portals/link-portals-23.jar,,"联界门 by 联界门 / Build #23 / 嘿Steve,你动不动就打开下界传送门的日子结束了.......把打火石给我。"
146,舌战群儒,spitfight-1.0.0.jar,both,,archive.teacon.cn,https://archive.teacon.cn/2026/ci/build/team-spitfight/spitfight-5.jar,,舌战群儒 by 诸葛丞相 / Build #5 / 一个简单的mod，让玩家能像羊驼一样攻击 / MCMOD百科地址：https://www.mcmod.cn/class/30476.html
147,节气,EclipticSeasons-26.1.2-neoforge-0.14.1.2.1.jar,both,,archive.teacon.cn,https://archive.teacon.cn/2026/ci/build/team-eclipticseasons/eclipticseasons-155.jar,,节气 by 节气开发组 / Build #155 / 季节模组节气，TeaCon甲辰参赛模组。
148,苇原,ashihara-0.0.0.15.jar,both,,archive.teacon.cn,https://archive.teacon.cn/2026/ci/build/team-ashihara/ashihara-243.jar,,苇原 by 遗失唐伞绘卷屋 / Build #243 / 苇原mod是一款致力于在Minecraft中还原自神代至1800年以前的古代日本原风景的Minecraft mod. 其预计涵括的范围从农业，
149,藿香,ageratum-neoforge-26.1.2-0.0.1+pr.22.jar,both,,archive.teacon.cn,https://archive.teacon.cn/2026/ci/build/team-ageratum/ageratum-22.jar,,藿香 by 藿香开发组 / Build #22 / 《Minecraft》的旧规则里有一件再普通不过的东西——书。它躺在物品栏的角落里，等着被人翻开，等着文字把经验传递下去。 /  / 但模组的世界里
150,蜂会,beecrasy-1.0.0.jar,both,,archive.teacon.cn,https://archive.teacon.cn/2026/ci/build/team-beecrasy/beecrasy-154.jar,,蜂会 by IEEM Trivium Society / Build #154 / 在《林业大全》的著者森吉尔爵士生活的年代，蜜蜂是远比今日更加纤细与驯良的生灵。旧时代的居民不吝赞美蜜蜂：作为维系万物
151,街头主义 The Streetism,thestreetism-2668-debug.jar,both,,archive.teacon.cn,https://archive.teacon.cn/2026/ci/build/team-thestreetism/thestreetism-12.jar,,街头主义 The Streetism by 常乐驾校 / Build #12 / 街头风格模组大杂烩。
152,袖里舆图,aleeve_atlas-0.0.1.jar,both,,archive.teacon.cn,https://archive.teacon.cn/2026/ci/build/team-aleeve-atlas/aleeve-atlas-18.jar,,袖里舆图 by 天枢开发组 / Build #18 / 袖里舆图，一款或许称不上“好用”的小地图模组。它没有华丽的界面，有些时候反应也不那么灵敏——它能做的很少，但刚好够用：给你一张周围的地形，几颗浮
153,让我看看,let_me_see_see-1.3.10.jar,both,,archive.teacon.cn,https://archive.teacon.cn/2026/ci/build/team-let-me-see-see/let-me-see-see-13.jar,,让我看看 by 敢砂我的码? / Build #13 / 游戏内实时查看游戏代码.
154,贴贴,nestle-0.1.2-neoforge+mc26.1.2.jar,both,,archive.teacon.cn,https://archive.teacon.cn/2026/ci/build/team-nestle/nestle-116.jar,,贴贴 by 鱼塘贴贴爱好者 / Build #116 / 和玩家贴贴 https://www.mcmod.cn/class/16398.html
155,超级管道速滑 SuperPipeSlide,superpipeslide-0.4.0-beta.jar,both,,archive.teacon.cn,https://archive.teacon.cn/2026/ci/build/team-superpipeslide/superpipeslide-47.jar,,超级管道速滑 SuperPipeSlide by 我是龙性恋 / Build #47 / 我滑行。
156,车万女仆,touhoulittlemaid-2.0.0-neoforge+mc26.1.2-all.jar,both,,archive.teacon.cn,https://archive.teacon.cn/2026/ci/build/team-touhou-little-maid/touhou-little-maid-161.jar,https://github.com/TartaricAcid/TouhouLittleMaid,车万女仆 by 车万女仆制作委员会 / Build #161 / 为游戏添加了可爱而又全能的酒狐女仆，让你的游戏增加更多缤纷色彩！
157,进阶四叶草 Advanced Clover,advanced_clover-1.0.2.jar,both,,archive.teacon.cn,https://archive.teacon.cn/2026/ci/build/team-advanced-clover/advanced-clover-20.jar,,进阶四叶草 Advanced Clover by 未来道具研究所 / Build #20 / 试图将旧版本的旧时光的旧模组带到新时代里。https://www.curseforge.com/minec
158,铁砧工艺,anvilcraft-neoforge-26.1.2-1.6.0+build.374.jar,both,,archive.teacon.cn,https://archive.teacon.cn/2026/ci/build/team-anvilcraft/anvilcraft-374.jar,,铁砧工艺 by 铁砧工艺开发组 / Build #374 / 一个原版风科技模组，以铁砧为核心的原版生存拓展
159,铁砧工艺：天猫行空,anvilcraft-voidinair-neoforge-26.1.2-1.1.1+build.25.jar,both,,archive.teacon.cn,https://archive.teacon.cn/2026/ci/build/team-voidinair/voidinair-25.jar,,铁砧工艺：天猫行空 by 天猫行空开发组 / Build #25 / 尝试让每个玩家都飞起来（并非）的铁砧工艺附属 / https://www.curseforge.com/minecraft/mc-
160,铁砧工艺：猪+,anvilcraft_pigsplus-neoforge-2.0.4+pr.23.jar,both,,archive.teacon.cn,https://archive.teacon.cn/2026/ci/build/team-anvilcraft-pigsplus/anvilcraft-pigsplus-23.jar,,铁砧工艺：猪+ by 三只大猪 / Build #23 / 模组《铁砧工艺：猪+》是《铁砧工艺》的附属，针对游玩时感到不便的地方进行的改进，提供了各种自动化便捷方块和道具。
161,铁砧工艺：猫+!,anvilcraft-nekoplus-26.1.1-alpha.1.jar,both,,archive.teacon.cn,https://archive.teacon.cn/2026/ci/build/team-nekoplus/nekoplus-81.jar,,铁砧工艺：猫+! by 冷月冰雨萃梦屋 / Build #81 / 开发组里的猫做的铁砧工艺附属 / Modrinth: https://modrinth.com/mod/nekoplus / Cur
162,铁砧工艺：额外电力 | Anvilcraft-ExtraPower,anvilcraftextrapower-neoforge-1.6.7+pr.17.jar,both,,archive.teacon.cn,https://archive.teacon.cn/2026/ci/build/team-anvilcraftextrapower/anvilcraftextrapower-17.jar,,铁砧工艺：额外电力 | Anvilcraft-ExtraPower by 铅垂线 / Build #17 / 以铁砧工艺为基础，添加了一系列发电设施和多方块结构，还有基于铁砧工艺的实用设备
163,随笔评论 WorldComment,WorldComment-neoforge-0.7.0-beta.1+26.1.2.jar,both,,archive.teacon.cn,https://archive.teacon.cn/2026/ci/build/team-worldcomment/worldcomment-118.jar,,随笔评论 WorldComment by Zbx1425 / Build #118 / 在服务器世界中发送留言，并配上截图和当时的心情。增强多人世界的社交互动属性。 / https://modrint
164,高人一等,manabove-0.0.4.jar,both,,archive.teacon.cn,https://archive.teacon.cn/2026/ci/build/team-manabove/manabove-8.jar,,高人一等 by 折戏鸢 / Build #8 / 可以骑到其他玩家头上，或者他们的肩膀上…… / 当然，要小心他让你飞起来……
