GitHub,项目名,出现整合包,Modrinth下载量,有深度报告,有速览卡片
https://github.com/CaffeineMC/sodium,Sodium,ATM10/星轨重铸/璇穹之歌,224094052,Y,Y
https://github.com/IrisShaders/Iris,Iris Shaders,ATM10/星轨重铸/璇穹之歌,174203494,Y,Y
https://github.com/shedaniel/ClothConfig,Cloth Config API (Fabric/Forge/NeoForge),ATM10/FIDR暗涌/星轨重铸/璇穹之歌,166142525,Y,Y
https://github.com/tr7zw/EntityCulling,Entity Culling,星轨重铸,164860754,Y,Y
https://github.com/malte0811/FerriteCore,FerriteCore,FIDR暗涌/星轨重铸/璇穹之歌,149414054,Y,Y
https://github.com/caffeinemc/lithium-fabric,Lithium,星轨重铸/璇穹之歌,126459236,Y,Y
https://github.com/isXander/YetAnotherConfigLib,YetAnotherConfigLib (YACL),星轨重铸/璇穹之歌,121100142,Y,Y
https://github.com/Traben-0/Entity_Texture_Features,[ETF] Entity Texture Features,星轨重铸,99674523,Y,Y
https://github.com/architectury/architectury,Architectury API,ATM10/FIDR暗涌/星轨重铸/璇穹之歌,98546473,Y,Y
https://github.com/FlashyReese/sodium-extra-fabric,Sodium Extra,ATM10/星轨重铸,95121473,Y,Y
https://github.com/Traben-0/Entity_Model_Features,[EMF] Entity Model Features,星轨重铸,94564380,Y,Y
https://github.com/squeek502/AppleSkin,AppleSkin,ATM10/FIDR暗涌/星轨重铸/璇穹之歌,88365218,Y,Y
https://github.com/tr7zw/NotEnoughAnimations,Not Enough Animations,ATM10/星轨重铸,85302116,Y,Y
https://github.com/embeddedt/ModernFix,ModernFix,ATM10/FIDR暗涌/星轨重铸/璇穹之歌,76865964,Y,Y
https://github.com/mezz/JustEnoughItems,Smithing Template Viewer for JEI/EMI,ATM10/FIDR暗涌/星轨重铸/璇穹之歌,75972741,Y,Y
https://github.com/tr7zw/3d-skin-layers,3D Skin Layers,星轨重铸/璇穹之歌,75466340,Y,Y
https://github.com/PepperCode1/Continuity,Continuity,星轨重铸,72229371,Y,Y
https://github.com/bernie-g/geckolib,geckolib-forge-1.20.1-4.8.4.jar,ATM10/FIDR暗涌/星轨重铸/璇穹之歌,68663922,Y,Y
https://github.com/henkelmax/simple-voice-chat,Simple Voice Chat,星轨重铸,67944877,Y,Y
https://github.com/Snownee/Jade,Jade 🔍,ATM10/FIDR暗涌/星轨重铸/璇穹之歌,66976488,Y,Y
https://github.com/juliand665/Dynamic-FPS,Dynamic FPS,星轨重铸,64729616,Y,Y
https://github.com/Keksuccino/FancyMenu,FancyMenu,ATM10/星轨重铸/璇穹之歌,64517875,Y,Y
https://github.com/Serilum/Collective,Collective,FIDR暗涌/星轨重铸,63827596,Y,Y
https://github.com/Fuzss/puzzleslib,Puzzles Lib,星轨重铸/璇穹之歌,60635651,Y,Y
https://github.com/Keksuccino/Konkrete,Konkrete,ATM10/FIDR暗涌/星轨重铸/璇穹之歌,60266958,Y,Y
https://github.com/TwelveIterations/Balm,Balm,ATM10/星轨重铸/璇穹之歌,58295792,Y,Y
https://github.com/YaLTeR/MouseTweaks,Mouse Tweaks,ATM10/星轨重铸/璇穹之歌,57500048,Y,Y
https://github.com/Aizistral-Studios/No-Chat-Reports,No Chat Reports,ATM10/FIDR暗涌,56871072,Y,Y
https://github.com/henkelmax/sound-physics-remastered,Sound Physics Remastered,星轨重铸/璇穹之歌,52083682,Y,Y
https://github.com/CreativeMD/CreativeCore,CreativeCore,星轨重铸/璇穹之歌,50470385,Y,Y
https://github.com/thedarkcolour/KotlinForForge,kotlinforforge-5.12.0-all.jar,ATM10/FIDR暗涌/星轨重铸/璇穹之歌,49534667,Y,Y
https://github.com/Keksuccino/Melody,Melody,ATM10/星轨重铸/璇穹之歌,48711932,Y,Y
https://github.com/dzwdz/chat_heads,Chat Heads,星轨重铸,48079605,Y,Y
https://github.com/glisco03/owo-lib,oωo (owo-lib),ATM10/星轨重铸/璇穹之歌,47123906,Y,Y
https://github.com/Darkhax-Minecraft/Bookshelf,Bookshelf,ATM10/FIDR暗涌/星轨重铸/璇穹之歌,45148100,Y,Y
https://github.com/MehVahdJukaar/Moonlight,Moonlight Lib,ATM10/FIDR暗涌/星轨重铸,39793064,Y,Y
https://github.com/blackd/Inventory-Profiles,Inventory Profiles Next,FIDR暗涌,38920541,Y,Y
https://github.com/Glitchfiend/TerraBlender,TerraBlender-forge-1.20.1-3.0.1.10.jar,ATM10/FIDR暗涌/星轨重铸,38846546,Y,Y
https://github.com/fzzyhmstrs/fconfig,Fzzy Config,ATM10/星轨重铸/璇穹之歌,38375554,Y,Y
https://github.com/jaredlll08/searchables,Searchables-forge-1.20.1-1.0.3.jar,FIDR暗涌/星轨重铸,38237143,Y,
https://github.com/jaredlll08/Controlling,[键位冲突显示] Controlling-forge-1.20.1-12.0.2.jar,ATM10/FIDR暗涌/星轨重铸/璇穹之歌,38096376,Y,Y
https://github.com/CreativeMD/AmbientSounds,AmbientSounds,星轨重铸/璇穹之歌,38017227,Y,Y
https://github.com/fxmorin/memoryLeakFix,Memory Leak Fix,FIDR暗涌,37185178,Y,Y
https://github.com/Darkhax-Minecraft/Enchantment-Descriptions,Enchantment Descriptions,ATM10/FIDR暗涌/星轨重铸/璇穹之歌,36695759,Y,Y
https://github.com/Asek3/Oculus,mekalus-mc1.20.1-1.8.0.1.jar,FIDR暗涌,35627296,Y,Y
https://github.com/Glitchfiend/BiomesOPlenty,Biomes O' Plenty,星轨重铸,35200411,Y,Y
https://github.com/AHilyard/Iceberg,Iceberg [Neo/Forge],ATM10/星轨重铸/璇穹之歌,35115870,Y,Y
https://github.com/maruohon/malilib,MaLiLib,星轨重铸,34626545,Y,Y
https://github.com/FiniteReality/embeddium,Embeddium,FIDR暗涌,34553725,Y,Y
https://github.com/Team-Resourceful/ResourcefulLib,Resourceful Lib,ATM10/星轨重铸/璇穹之歌,34456376,Y,Y
https://github.com/VazkiiMods/Patchouli,Patchouli,ATM10/FIDR暗涌/星轨重铸/璇穹之歌,34331194,Y,Y
https://github.com/YUNG-GANG/YUNGs-API,YUNG's API (NeoForge) [1.20.4-1.21.1 ONLY],ATM10/星轨重铸,33970872,Y,Y
https://github.com/blackd/libIPN,libIPN,FIDR暗涌/星轨重铸,33544214,Y,Y
https://github.com/TreyRuffy/BetterF3,BetterF3,星轨重铸/璇穹之歌,33541899,Y,Y
https://github.com/illusivesoulworks/cherishedworlds,Cherished Worlds,星轨重铸,31263225,Y,Y
https://github.com/TheIllusiveC4/Curios,Refined Storage - Curios Integration,ATM10/星轨重铸/璇穹之歌,30669826,Y,Y
https://github.com/MCModderAnchor/TACZ,[TaCZ] Timeless and Classics Zero,FIDR暗涌,30074925,Y,Y
https://github.com/Sinytra/ForgifiedFabricAPI,forgified-fabric-api-0.116.15+2.3.4+1.21.1.jar,星轨重铸/璇穹之歌,27940335,Y,Y
https://github.com/TeamMidnightDust/MidnightLib,MidnightLib,星轨重铸,27430613,Y,Y
https://github.com/MehVahdJukaar/Supplementaries,Supplementaries,ATM10/星轨重铸,26900944,Y,Y
https://github.com/EuphoriaPatches/EuphoriaPatcher,Euphoria Patches,ATM10/星轨重铸,26879080,Y,Y
https://github.com/Creators-of-Create/Create,Sophisticated Backpacks Create Integration,ATM10/星轨重铸/璇穹之歌,25772215,Y,Y
https://github.com/terrarium-earth/Handcrafted,Handcrafted,ATM10/星轨重铸,25613606,Y,Y
https://github.com/way2muchnoise/BetterAdvancements,Better Advancements,ATM10/星轨重铸/璇穹之歌,25314374,Y,Y
https://github.com/MattCzyr/NaturesCompass,Nature's Compass,ATM10/星轨重铸/璇穹之歌,25283783,Y,Y
https://github.com/Tschipp/CarryOn,Carry On,星轨重铸/璇穹之歌,25254327,Y,Y
https://github.com/Fuzss/visualworkbench,Visual Workbench,星轨重铸/璇穹之歌,25213329,Y,Y
https://github.com/TwelveIterations/Waystones,Waystones,ATM10/星轨重铸,24870393,Y,Y
https://github.com/Sinytra/Connector,信雅互联connector-2.0.0-beta.17+1.21.1-full.jar,星轨重铸/璇穹之歌,24774103,Y,Y
https://github.com/illusivesoulworks/polymorph,Polymorph,ATM10/FIDR暗涌/星轨重铸/璇穹之歌,24439356,Y,Y
https://github.com/Team-Resourceful/Resourceful-Config,Resourceful Config,ATM10/星轨重铸/璇穹之歌,24115278,Y,Y
https://github.com/TwelveIterations/NetherPortalFix,NetherPortalFix,ATM10/星轨重铸,23532906,Y,Y
https://github.com/vectorwing/FarmersDelight,Farmer's Delight,ATM10/FIDR暗涌/星轨重铸/璇穹之歌,23447577,Y,Y
https://github.com/xfl03/MCCustomSkinLoader,CustomSkinLoader,FIDR暗涌/星轨重铸,23061260,Y,Y
https://github.com/Apollounknowndev/lithostitched,Lithostitched,ATM10/星轨重铸/璇穹之歌,22406731,Y,Y
https://github.com/YUNG-GANG/YUNGs-Better-Fortresses,YUNG's Better Nether Fortresses (NeoForge) [1.20.4 - 1.21.1 ONLY],ATM10/星轨重铸,22258509,Y,Y
https://github.com/noobanidus/lootr,Lootr (Forge & NeoForge),ATM10/FIDR暗涌/星轨重铸/璇穹之歌,22001897,Y,Y
https://github.com/Glitchfiend/GlitchCore,四季前置GlitchCore-neoforge-1.21.1-2.1.0.2.jar,星轨重铸/璇穹之歌,21897884,Y,Y
https://github.com/Ezzenix/ChatAnimation,Chat Animation [Smooth Chat],星轨重铸,21676778,Y,Y
https://github.com/Keksuccino/Drippy-Loading-Screen,Drippy Loading Screen,ATM10/星轨重铸,21652478,Y,Y
https://github.com/KubeJS-Mods/Rhino,[犀牛] rhino-2101.2.7-build.81.jar,ATM10/FIDR暗涌/星轨重铸/璇穹之歌,21592707,Y,Y
https://github.com/BloCamLimb/ModernUI-MC,Modern UI,星轨重铸/璇穹之歌,21528532,Y,Y
https://github.com/YUNG-GANG/YUNGs-Better-Ocean-Monuments,YUNG's Better Ocean Monuments (NeoForge) [1.20.4 - 1.21.1 ONLY],ATM10/星轨重铸,21396080,Y,Y
https://github.com/Darkhax-Minecraft/AttributeFix,AttributeFix,ATM10/FIDR暗涌/星轨重铸/璇穹之歌,21384060,Y,Y
https://github.com/YUNG-GANG/YUNGs-Better-Dungeons,YUNG's Better Dungeons (NeoForge) [1.20.4 - 1.21.1 ONLY],ATM10/星轨重铸,21380831,Y,Y
https://github.com/KubeJS-Mods/KubeJS,kubejs-neoforge-2101.7.2-build.368.jar,ATM10/FIDR暗涌/星轨重铸/璇穹之歌,20802984,Y,Y
https://github.com/Tiviacz1337/Travelers-Backpack,Traveler's Backpack,FIDR暗涌,20130952,Y,Y
https://github.com/YUNG-GANG/YUNGs-Better-Mineshafts,YUNG's Better Mineshafts (NeoForge) [1.20.4 - 1.21.1 ONLY],ATM10/星轨重铸,19790275,Y,Y
https://github.com/YUNG-GANG/YUNGs-Better-Jungle-Temples,YUNG's Better Jungle Temples (NeoForge) [1.20.4 - 1.21.1 ONLY],ATM10/星轨重铸,19733272,Y,Y
https://github.com/yungnickyoung/YUNGs-Better-End-Island,YUNG's Better End Island (NeoForge) [1.20.4 - 1.21.1 ONLY],ATM10/星轨重铸,19251154,Y,Y
https://github.com/CreativeMD/EnhancedVisuals,EnhancedVisuals,星轨重铸,18585844,Y,Y
https://github.com/txnimc/SodiumDynamicLights,Sodium Dynamic Lights,星轨重铸/璇穹之歌,18299586,Y,Y
https://github.com/YUNG-GANG/YUNGs-Better-Strongholds,YUNG's Better Strongholds (NeoForge) [1.20.4 - 1.21.1 ONLY],ATM10/星轨重铸,17817418,Y,Y
https://github.com/lender544/new1.20.1,L_Ender 's Cataclysm,ATM10/星轨重铸/璇穹之歌,17810472,Y,Y
https://github.com/pop4959/Chunky,Chunky,星轨重铸,17730960,Y,Y
https://github.com/Cristelknight999/Cristel-Lib,Cristel Lib,ATM10/星轨重铸/璇穹之歌,17579752,Y,Y
https://github.com/AHilyard/Prism,Prism [Neo/Forge],ATM10/星轨重铸,17460567,Y,Y
https://github.com/SuperMartijn642/SuperMartijn642sCoreLib,SuperMartijn642's Core Lib,ATM10/星轨重铸,17313340,Y,Y
https://github.com/YUNG-GANG/YUNGs-Better-Witch-Huts,YUNG's Better Witch Huts (NeoForge) [1.20.4 - 1.21.1 ONLY],ATM10/星轨重铸,17256951,Y,Y
https://github.com/AHilyard/AdvancementPlaques,Advancement Plaques,星轨重铸,16883362,Y,Y
https://github.com/xfl03/I18nUpdateMod3,I18nUpdateMod,FIDR暗涌/星轨重铸,16841335,Y,Y
https://github.com/AHilyard/Highlighter,Item Highlighter,星轨重铸/璇穹之歌,16642517,Y,Y
https://github.com/YUNG-GANG/YUNGs-Better-Desert-Temples,YUNG's Better Desert Temples (NeoForge) [1.20.4 - 1.21.1 ONLY],ATM10/星轨重铸,16215959,Y,Y
https://github.com/Alex-the-666/Citadel,Citadel,FIDR暗涌,16075199,Y,Y
https://github.com/Octo-Studios/octo-lib,ShatterLib | OctoLib,ATM10/星轨重铸,15880745,Y,Y
https://github.com/YUNG-GANG/YUNGs-Bridges,YUNG's Bridges,星轨重铸,15378397,Y,Y
https://github.com/Fuzss/pickupnotifier,Pick Up Notifier,星轨重铸/璇穹之歌,15219507,Y,Y
https://github.com/Theoness1/EatingAnimation,Eating Animation,星轨重铸,14982349,Y,Y
https://github.com/AlexModGuy/AlexsMobs,Alex's Mobs,FIDR暗涌,14578289,Y,Y
https://github.com/Luke100000/ImmersiveAircraft,Immersive Aircraft,FIDR暗涌,14572164,Y,Y
https://github.com/YesSteveModel/YSM-Wiki-Issues,Yes Steve Model,FIDR暗涌,14521661,Y,Y
https://github.com/Towdium/JustEnoughCharacters,JustEnoughCharacters,FIDR暗涌/星轨重铸/璇穹之歌,14257140,Y,Y
https://github.com/mortuusars/Exposure,Exposure,FIDR暗涌/星轨重铸/璇穹之歌,13876809,Y,Y
https://github.com/illusivesoulworks/elytraslot,Elytra Slot,星轨重铸,13540453,Y,Y
https://github.com/reserveword/IMBlocker,IMBlocker,FIDR暗涌/星轨重铸/璇穹之歌,13359206,Y,Y
https://github.com/wisp-forest/accessories,Accessories,星轨重铸/璇穹之歌,13294740,Y,Y
https://github.com/ochotonida/artifacts,Artifacts,ATM10/星轨重铸,13087683,Y,Y
https://github.com/DynamicTreesTeam/DynamicTrees,Dynamic Trees,星轨重铸,12924125,Y,Y
https://github.com/Darkhax-Minecraft/PrickleMC,Prickle,ATM10/星轨重铸/璇穹之歌,12534630,Y,Y
https://github.com/MehVahdJukaar/DuMmmMmmy,MmmMmmMmmMmm (Target Dummy),ATM10/FIDR暗涌,12115585,Y,Y
https://github.com/Exopandora/ShoulderSurfing,Shoulder Surfing Reloaded,星轨重铸,11490068,Y,Y
https://github.com/rfresh2/XaeroPlus,XaeroPlus,星轨重铸,11463900,Y,Y
https://github.com/MattCzyr/ExplorersCompass,[探险者指南针 修改] explorerscompass-edited-1.21.1-3.0.4-neoforge.jar,ATM10/星轨重铸/璇穹之歌,11331909,Y,Y
https://github.com/starfish-studios/Naturalist,Naturalist,星轨重铸,10929146,Y,Y
https://github.com/TartaricAcid/TouhouLittleMaid,Touhou Little Maid,FIDR暗涌/璇穹之歌,10892363,Y,Y
https://github.com/McJtyMods/LostCities,The Lost Cities,FIDR暗涌,10745713,Y,Y
https://github.com/Motschen/Blur,Blur+,星轨重铸,10636583,Y,Y
https://github.com/sketchmacaw/Fences,Macaw's Fences and Walls,ATM10/星轨重铸/璇穹之歌,10612404,Y,Y
https://github.com/EngineHub/WorldEdit,WorldEdit,FIDR暗涌,10515226,Y,Y
https://github.com/YUNG-GANG/Paxi,Paxi,星轨重铸,10419446,Y,Y
https://github.com/mrh0/createaddition,Create Crafts & Additions,ATM10/星轨重铸/璇穹之歌,10387983,Y,Y
https://github.com/bonsaistudi0s/Creeper-Overhaul,Creeper Overhaul,ATM10/星轨重铸,10346120,Y,Y
https://github.com/Serilum/Starter-Kit,Starter Kit,星轨重铸,10252033,Y,Y
https://github.com/AHilyard/LegendaryTooltips,Legendary Tooltips,星轨重铸,10225434,Y,Y
https://github.com/decce6/Ixeris,Ixeris,星轨重铸/璇穹之歌,10184435,Y,Y
https://github.com/copycats-plus/copycats,Create: Copycats+,星轨重铸/璇穹之歌,10007663,Y,Y
https://github.com/Qelifern/IronFurnaces,Iron Furnaces,ATM10/星轨重铸,9358180,Y,Y
https://github.com/FoggyHillside/End-s-Delight,End's Delight,FIDR暗涌/璇穹之歌,9106919,Y,Y
https://github.com/YUNG-GANG/Travelers-Titles,Traveler's Titles,星轨重铸,9051953,Y,Y
https://github.com/sketchmacaw/Bridges,Macaw's Bridges,ATM10/星轨重铸/璇穹之歌,9029741,Y,Y
https://github.com/illusivesoulworks/charmofundying,Charm of Undying,星轨重铸,8733886,Y,Y
https://github.com/DynamicTreesTeam/DynamicTreesPlus,Dynamic Trees Plus,星轨重铸,8638644,Y,Y
https://github.com/Luke100000/ImmersiveMelodies,Immersive Melodies,星轨重铸/璇穹之歌,8603129,Y,Y
https://github.com/ItsBlackGear/Platform,Platform,星轨重铸,8524835,Y,Y
https://github.com/Let-s-Do-Collection/Beachparty,[Let's Do] Beachparty,星轨重铸,8127651,Y,Y
https://github.com/Minenash/Enhanced-Attack-Indicator,Enhanced Attack Indicator,星轨重铸,7993414,Y,Y
https://github.com/bonsaistudi0s/Enderman-Overhaul,Enderman Overhaul,ATM10/星轨重铸,7881987,Y,Y
https://github.com/Creators-of-Aeronautics/Simulated-Project,Create Aeronautics,星轨重铸/璇穹之歌,7880888,Y,Y
https://github.com/MaxenceDC/sparsestructures,Sparse Structures,星轨重铸,7805818,Y,Y
https://github.com/TheIllusiveC4/Caelus,Caelus API,ATM10/星轨重铸,7667380,Y,Y
https://github.com/Miauczel/Legendary-Monsters-1.21.1-NeoForge,Legendary Monsters,星轨重铸/璇穹之歌,7541095,Y,Y
https://github.com/Schauweg/Smooth-Swapping,Smooth Swapping,星轨重铸,7456536,Y,Y
https://github.com/TJT01/GlobalServerConfig,Global Server Config,FIDR暗涌,7428932,Y,Y
https://github.com/Cannoneers-of-Create/CreateBigCannons,Create Big Cannons,星轨重铸/璇穹之歌,7396939,Y,Y
https://github.com/team-abnormals/blueprint,Blueprint,FIDR暗涌,7369305,Y,Y
https://github.com/KosmX/emotes,Emotecraft,星轨重铸,7347402,Y,Y
https://github.com/talrey/CreateDeco,Create Deco,星轨重铸/璇穹之歌,7322738,Y,Y
https://github.com/CircuitLord/AdventureRedefined,Reactive Music,星轨重铸,7157077,Y,Y
https://github.com/way2muchnoise/JustEnoughResources,Just Enough Resources (JER),星轨重铸,6641545,Y,Y
https://github.com/hlysine/create_connected,Create: Connected,星轨重铸/璇穹之歌,6554397,Y,Y
https://github.com/bl4ckscor3/Sit,Sit,星轨重铸,6490609,Y,Y
https://github.com/Octo-Studios/immersive-ui,Immersive UI,星轨重铸,6231327,Y,Y
https://github.com/ITsMrToad/GpuTape,GPUBooster,星轨重铸,6077127,Y,Y
https://github.com/yungnickyoung/YUNGs-Menu-Tweaks,YUNG's Menu Tweaks,星轨重铸,6048421,Y,Y
https://github.com/AppliedEnergistics/Applied-Energistics-2,Applied Energistics 2,ATM10/FIDR暗涌/星轨重铸,5850461,Y,Y
https://github.com/fonnymunkey/SimpleHats,Simple Hats,星轨重铸,5829007,Y,Y
https://github.com/Kitteh6660/DramaticDoors,Dramatic Doors,FIDR暗涌,5736057,Y,Y
https://github.com/george8188625/Create-Diesel-Generators,Create: Diesel Generators,星轨重铸/璇穹之歌,5695778,Y,Y
https://github.com/DragonsPlusMinecraft/CreateEnchantmentIndustry,Create: Enchantment Industry,ATM10/星轨重铸/璇穹之歌,5517913,Y,Y
https://github.com/DragonsPlusMinecraft/VisualityReforged,Visuality: Reforged,星轨重铸,5503014,Y,Y
https://github.com/Cheaterpaul/fallingleaves,Falling Leaves (NeoForge/Forge),星轨重铸,5439161,Y,Y
https://github.com/samedifferent/Ecologics,Ecologics,星轨重铸,5421393,Y,Y
https://github.com/ryanhcode/sable,Sable,星轨重铸/璇穹之歌,5393489,Y,Y
https://github.com/TwelveIterations/ForgivingVoid,Forgiving Void,星轨重铸,5376631,Y,Y
https://github.com/FoundationGames/Automobility,Automobility,FIDR暗涌,5261787,Y,Y
https://github.com/sketchmacaw/Paths-Pavings,Macaw's Paths and Pavings,ATM10/星轨重铸,5246800,Y,Y
https://github.com/DragonsPlusMinecraft/CreateCentralKitchen,Create: Central Kitchen,星轨重铸/璇穹之歌,5139378,Y,Y
https://github.com/MrMelon54/draggable_lists,Draggable Lists,星轨重铸,4741695,,Y
https://github.com/Fuzss/mutantmonsters,Mutant Monsters,星轨重铸,4729432,,Y
https://github.com/MoePus/Flerovium,Flerovium,星轨重铸/璇穹之歌,4564627,Y,Y
https://github.com/TartaricAcid/NetMusic,Net Music,FIDR暗涌/璇穹之歌,4508452,Y,Y
https://github.com/sudolev/CreateInteriorsMod,Create: Interiors,星轨重铸/璇穹之歌,4466412,Y,Y
https://github.com/Terrails/colorful-hearts,Colorful Hearts,ATM10/FIDR暗涌/璇穹之歌,4279170,Y,Y
https://github.com/lender544/Lionfish-API,Lionfish-API,ATM10/星轨重铸/璇穹之歌,4028378,Y,Y
https://github.com/teamfusion/rottencreatures,Rotten Creatures,星轨重铸,3842478,,Y
https://github.com/decce6/Gnetum,Gnetum,星轨重铸/璇穹之歌,3727975,Y,Y
https://github.com/mekanism/Mekanism,Refined Storage - Mekanism Integration,ATM10/FIDR暗涌/星轨重铸,3609437,Y,Y
https://github.com/Monad-Modding/BrewinAndChewin,Brewin' And Chewin',FIDR暗涌/璇穹之歌,3602178,Y,Y
https://github.com/BluSunrize/ImmersiveEngineering,Immersive Engineering,ATM10/FIDR暗涌/星轨重铸,3472261,Y,Y
https://github.com/McJtyMods/InControl,In Control!,ATM10/FIDR暗涌,3456393,Y,Y
https://github.com/1foxy2/neo_mod_menu,Better ModList,星轨重铸,3433103,,Y
https://github.com/Minecraft-LightLand/L2Library,L2 Library,星轨重铸/璇穹之歌,3426315,Y,Y
https://github.com/Lightman314/LightmansCurrency,Lightman's Currency,星轨重铸,3296944,,Y
https://github.com/TheCBProject/CodeChickenLib,CodeChicken Lib,星轨重铸,3242695,,Y
https://github.com/Wagers-of-Industrial-Warfare/RitchiesProjectileLib,Ritchie's Projectile Library,星轨重铸/璇穹之歌,3226551,Y,Y
https://github.com/Serilum/Inventory-Totem,Inventory Totem,星轨重铸,3071560,,Y
https://github.com/juancarloscp52/spyglass-improvements,Spyglass Improvements,FIDR暗涌,3071468,,Y
https://github.com/Minecraft-LightLand/L2Complements,l2complements-3.1.3.jar,星轨重铸/璇穹之歌,3063861,Y,Y
https://github.com/Xalcon/TorchMaster,TorchMaster,ATM10/星轨重铸/璇穹之歌,3011903,Y,Y
https://github.com/Umpaz/NethersDelight,Nether's Delight,FIDR暗涌,3006711,,Y
https://github.com/AppliedEnergistics/GuideME,GuideME,ATM10/FIDR暗涌/星轨重铸,2958890,Y,Y
https://github.com/Mari023/AE2WirelessTerminalLibrary,Applied Energistics 2 Wireless Terminals,ATM10/星轨重铸,2941859,Y,Y
https://github.com/alRex-U/ParCool,ParCool!,FIDR暗涌,2913216,,Y
https://github.com/LopyMine/Inventory-Particles,Inventory Particles,星轨重铸,2894774,,Y
https://github.com/DragonsPlusMinecraft/CreateDragonsPlus,Create: Dragons Plus,ATM10/星轨重铸/璇穹之歌,2894111,Y,Y
https://github.com/CreativeMD/ItemPhysic,ItemPhysic,星轨重铸,2877840,,Y
https://github.com/Tictim/Paraglider,Paragliders,FIDR暗涌,2711875,,Y
https://github.com/Minecraft-LightLand/L2Hostility,l2hostility-3.0.18.jar,星轨重铸/璇穹之歌,2631271,Y,Y
https://github.com/progwml6/ironchest,Iron Chests,星轨重铸,2556288,,Y
https://github.com/Darkhax-Minecraft/Max-Health-Fix,Max Health Fix,FIDR暗涌/璇穹之歌,2555055,Y,Y
https://github.com/LopyMine/MossyLib,MossyLib,星轨重铸,2385486,,Y
https://github.com/Low-Drag-MC/LDLib-Architectury,LDLib,星轨重铸/璇穹之歌,2216485,Y,Y
https://github.com/PoppyBlossom/Railway-1.21.1,Steam 'n' Rails Neoforge,星轨重铸/璇穹之歌,2177116,Y,Y
https://github.com/CoFH/CoFHCore,CoFH Core,FIDR暗涌,2163573,,Y
https://github.com/VsnGamer/ElevatorMod,ElevatorMod,星轨重铸,2153531,,Y
https://github.com/Darkhax-Minecraft/BotanyPots,Botany Pots,ATM10/星轨重铸,2039626,Y,Y
https://github.com/0999312/MMLib,Mysterious Mountain Lib,FIDR暗涌/璇穹之歌,1957511,Y,Y
https://github.com/skyecodes/IBE-Editor,IBE Editor,FIDR暗涌,1948797,,Y
https://github.com/Fuzss/universalenchants,Universal Enchants,星轨重铸,1784061,,Y
https://github.com/Mars-The-Planet/Deimos,Deimos,星轨重铸,1683202,Y,Y
https://github.com/MagicHarp/confluence,Terra Curio,星轨重铸,1681557,,Y
https://github.com/AlmostReliable/merequester,ME Requester,ATM10/星轨重铸,1641811,Y,Y
https://github.com/BlakeBr0/Cucumber,Cucumber Library,ATM10/星轨重铸,1633732,Y,Y
https://github.com/Mars-The-Planet/More-Music-Discs,More Music Discs,星轨重铸,1569418,Y,Y
https://github.com/DrexHD/quick-pack,quick pack,星轨重铸,1546992,,Y
https://github.com/ZhuRuoLing/startup-time,Startup Time,星轨重铸,1474304,,Y
https://github.com/Arsenalists-of-Create/Create-Radar,Create: Radars,星轨重铸/璇穹之歌,1428741,Y,Y
https://github.com/decce6/AsyncLogger,Async Logger,星轨重铸/璇穹之歌,1427265,Y,Y
https://github.com/jkvin114/display-delight-neoforge,Display Delight,FIDR暗涌/璇穹之歌,1364708,Y,Y
https://github.com/Insane96/InsaneLib,InsaneLib,FIDR暗涌,1323843,,Y
https://github.com/0999312/Corn-Delight,Corn Delight,FIDR暗涌,1322017,,Y
https://github.com/Suel-ki/FoodEffectTooltips-Forge,Food Effect Tooltips (Forge),FIDR暗涌,1319917,,Y
https://github.com/BlakeBr0/MysticalAgriculture,Botany Pots - Mystical Agriculture Compat,ATM10/星轨重铸,1195468,Y,Y
https://github.com/AllenSeitz/DimDungeons,Dimensional Dungeons,星轨重铸,1147133,Y,Y
https://github.com/Low-Drag-MC/Photon,Photon Editor,星轨重铸,1144431,,Y
https://github.com/kltyton/LightSpeedRe,LightSpeedRe,FIDR暗涌/璇穹之歌,1136499,Y,Y
https://github.com/Moralle/VanillaCookbook,Vanilla Cookbook,FIDR暗涌,1099727,,Y
https://github.com/PedroRok/CreateHypertubes,Create: Hypertubes,ATM10/星轨重铸/璇穹之歌,1061082,Y,Y
https://github.com/Shadows-of-Fire/Placebo,Placebo,ATM10/星轨重铸/璇穹之歌,1056163,Y,Y
https://github.com/btwonion/KotlinLangForge,KotlinLangForge,星轨重铸,1045255,,Y
https://github.com/TeamMetallurgy/Aquaculture,Aquaculture 2,ATM10/星轨重铸,1005117,Y,Y
https://github.com/Xiaoyu-2009/visual_recipe_editor,Workstation Recipe Exporter,FIDR暗涌,995588,,Y
https://github.com/afoxxvi/AsteorBarMod,AsteorBar,星轨重铸,972610,,Y
https://github.com/mortuusars/ExposurePolaroid,Exposure: Polaroid,FIDR暗涌,968493,Y,Y
https://github.com/Keksuccino/ModernWorldCreation,Modern World Creation,星轨重铸,945090,,Y
https://github.com/MUKSC/TACZ-1.21.1,[UNOFFICIAL] TaCZ 1.21.1 NeoForge Port,星轨重铸,930366,Y,Y
https://github.com/Create-In-Locomotion/Create-Escalated,Create: Escalated,星轨重铸/璇穹之歌,890016,Y,Y
https://github.com/Penumbra-MC/Enderscape,Enderscape,星轨重铸,862758,,Y
https://github.com/Minecraft-LightLand/L2Archery,L2 Archery,星轨重铸/璇穹之歌,841297,Y,Y
https://github.com/iSeeEthan/voxy_worldgen_v2,Voxy WorldGen,星轨重铸,837579,,Y
https://github.com/Forsteri123/CreateEnderTransmission,Create: Ender Transmission,星轨重铸,824239,Y,Y
https://github.com/Propulsion-Team/create-propulsion-simulated,Create Propulsion: Simulated,星轨重铸/璇穹之歌,783679,Y,Y
https://github.com/AppliedEnergistics/Applied-Mekanistics,Applied Mekanistics,ATM10/星轨重铸,778062,Y,Y
https://github.com/Minecraft-LightLand/L2Artifacts,L2 Artifacts,星轨重铸,739323,Y,Y
https://github.com/CinemaMod/mcef,MCEF (Minecraft Chromium Embedded Framework),星轨重铸,725967,,Y
https://github.com/Prunoideae/ProbeJS,ProbeJS,FIDR暗涌/星轨重铸,712521,Y,Y
https://github.com/villainous-j/toolbar-sounds,Toolbar Sounds,星轨重铸,673103,,Y
https://github.com/XiaoXianHW/EasyLAN,EasyLAN,FIDR暗涌,670070,,Y
https://github.com/BlakeBr0/MysticalAgradditions,Mystical Agradditions,ATM10/星轨重铸,656192,Y,Y
https://github.com/TheCBProject/EnderStorage,Ender Storage,星轨重铸,641347,Y,Y
https://github.com/SettingDust/MoreEnchantmentInfo,More Enchantment Info,星轨重铸,622663,,Y
https://github.com/Insane96/EnhancedAI,Enhanced AI,FIDR暗涌,613755,,Y
https://github.com/JeremySeq/DamageIndicators,JeremySeq's Damage Indicator,FIDR暗涌,581336,,Y
https://github.com/Minecraft-LightLand/L2Weaponry,L2 Weaponry,星轨重铸,576029,Y,Y
https://github.com/timplay33/Create-Mobile-Packages,Create: Mobile Packages,星轨重铸/璇穹之歌,558134,Y,Y
https://github.com/infernalstudios/Celestial-Configuration,Sun and Moon Celestial Configuration,FIDR暗涌,544556,,Y
https://github.com/SuperMartijn642/AdditionalLanterns,Additional Lanterns,星轨重铸,541557,,Y
https://github.com/nonamecrackers2/ender-trigon,Ender Trigon,FIDR暗涌,533676,,Y
https://github.com/Txt-Text/TaCZ-Labs,TaCZ-Labs,FIDR暗涌,520591,Y,Y
https://github.com/zbx1425/WorldEditCUI-Arch,WorldEdit CUI (Unofficial Forge Port),FIDR暗涌,451859,,Y
https://github.com/bonsaistudi0s/Golem-Overhaul,Golem Overhaul,星轨重铸,445917,,Y
https://github.com/starforcraft/Botany-Pots-Tiers,Botany Pots Tiers,星轨重铸,435820,Y,Y
https://github.com/yezhiyi9670/clear-void,Clear Void,星轨重铸,415842,,Y
https://github.com/Rew1nd-dev/sable-schematic-api,Sable Photomancy,星轨重铸,398244,,Y
https://github.com/SettingDust/preloading-tricks,Preloading Tricks,星轨重铸,377475,,Y
https://github.com/TUsama/Loot-Beams-Refork,Loot Beams: Refork,星轨重铸,372414,,Y
https://github.com/duckgun13476/Create-SchematicChecker,Create: SchematicChecker,星轨重铸,332246,Y,Y
https://github.com/sguest/jei-multiblocks,Just Enough Immersive Multiblocks,FIDR暗涌,331694,Y,Y
https://github.com/SSKirillSS/Curios,Curios API Continuation,星轨重铸,321057,Y,Y
https://github.com/userenxv/create-aeronautics-toolgun,Create Aeronautics: Toolgun,星轨重铸/璇穹之歌,297343,Y,Y
https://github.com/jinqinxixi/Trinkets-and-Baubles-Forge-1.20.1,Trinkets and Baubles Reforked,星轨重铸,284389,,Y
https://github.com/GaylordFockerCN/Cataclysm-Dimension,Cataclysm Dimension,星轨重铸,262429,Y,Y
https://github.com/dhyces/trimmed,Trimmed,FIDR暗涌/星轨重铸,252487,,Y
https://github.com/iMoonDay/Soulbound,Soulbound Enchantment,星轨重铸,251550,,Y
https://github.com/Flemmli97/Flan,Flan,FIDR暗涌,239986,,Y
https://github.com/Shadows-of-Fire/Apotheosis,Apotheosis,ATM10/星轨重铸/璇穹之歌,238326,Y,Y
https://github.com/DenisMasterHerobrine/TheAfterdark,The Afterdark,FIDR暗涌,237373,,Y
https://github.com/Unixkitty/timecontrol,Time Control,FIDR暗涌,237312,,Y
https://github.com/Povstalec/StellarView,Stellar View,FIDR暗涌,222419,,Y
https://github.com/TUsama/NirvanaLib,Nirvana Library,星轨重铸,197740,,Y
https://github.com/CoFH/Ensorcellation,Ensorcellation,FIDR暗涌,188567,,Y
https://github.com/SShakusora/WaystonesSable,Waystones: Sable (Create Aeronautics Addon),星轨重铸,181575,Y,Y
https://github.com/Serilum/Starter-Structure,Starter Structure,星轨重铸,171594,Y,Y
https://github.com/pitbox46/ItemBlacklist,Item Banning,FIDR暗涌,170950,,Y
https://github.com/MUKSC/TaCZPackUpgrader,TaCZ Pack Upgrader,星轨重铸,165666,Y,Y
https://github.com/MeherBenSalem/Jauml,Jauml,星轨重铸,160039,,Y
https://github.com/Hunter19823/kubejsoffline,KubeJS Offline,FIDR暗涌,153499,Y,Y
https://github.com/klinbee/Aetherial-Islands,Aetherial Islands,星轨重铸,115691,Y,Y
https://github.com/Ineffa/Truly-Treasures,Truly Treasures,FIDR暗涌,97701,,Y
https://github.com/mango-buff/BotanyPotsOrePlanting,[BPOP]Botany Pots Ore Planting,星轨重铸,96465,Y,Y
https://github.com/leon-o/iris-veil-compat,Iris Veil Compat,星轨重铸,92206,,Y
https://github.com/Shadows-of-Fire/Apothic-Enchanting,Apothic-Enchanting,ATM10/星轨重铸,71622,Y,Y
https://github.com/TwistedGate/ImmersivePetroleum,Immersive Petroleum,FIDR暗涌,70100,Y,Y
https://github.com/EnderTurret/PatchedMod,Patched,FIDR暗涌,68534,,Y
https://github.com/Shadows-of-Fire/Apothic-Spawners,Apothic-Spawners,ATM10/星轨重铸/璇穹之歌,61116,Y,Y
https://github.com/GLDYM/ConstructionWand-KOTS,Construction Wand - KOTS,星轨重铸/璇穹之歌,58257,,Y
https://github.com/CeoOfGoogle1/CreateClothes,Create: Clothes,星轨重铸,50412,Y,Y
https://github.com/Auviotre/Enigmatic-Legacy-Plus,Enigmatic Legacy+,星轨重铸,49002,,Y
https://github.com/Keksuccino/Panoramica,Panoramica,FIDR暗涌,46149,,Y
https://github.com/Alvaro842DEV/AsyncLocator-Refined,Async Locator Refined,星轨重铸,37500,,Y
https://github.com/ggrgg13/Create--Redstone-Link-GUI,Create: Redstone Link GUI,星轨重铸/璇穹之歌,33718,Y,Y
https://github.com/Low-Drag-MC/KilaGraph,KilaGraph,星轨重铸,13952,,Y
https://github.com/klinbee/Diabolical-Islands,Diabolical Islands,星轨重铸/璇穹之歌,11433,,Y
https://github.com/sam-makes-stuff/ping_system,Ping System,FIDR暗涌,1623,,Y
https://github.com/Autovw/AdvancedNetherite,Advanced Netherite,璇穹之歌,0,,Y
https://github.com/Raguto/Citadel-1.21.1,Citadel (Unofficial Port),璇穹之歌,0,,Y
https://github.com/Raguto/AlexsMobs-1.21.1,Alex's Mobs (Unofficial Port),璇穹之歌,0,Y,Y
https://github.com/TheFogIOF/AlloySmelter,Alloy Smelter,璇穹之歌,0,,Y
https://github.com/DawnOfTimeMC/armoreddoggo,Armored Doggo,璇穹之歌,0,,Y
https://github.com/DawnOfTimeMC/armoroftheages,Armor of the Ages,璇穹之歌,0,,Y
https://github.com/MoePus/BiomeSpy,BiomeSpy,璇穹之歌,0,,Y
https://github.com/RelativityMC/C2ME-neoforge,Concurrent Chunk Management Engine (NeoForge),璇穹之歌,0,,Y
https://github.com/djefrey/Colorwheel,Colorwheel,ATM10/璇穹之歌,0,,Y
https://github.com/djefrey/Colorwheel-Patcher,Colorwheel Patcher,ATM10/璇穹之歌,0,,Y
https://github.com/Fuzss/combatnouveau,Combat Nouveau,璇穹之歌,0,,Y
https://github.com/Fuzss/configureddefaults,Configured Defaults,璇穹之歌,0,,Y
https://github.com/DragonsPlusMinecraft/CreateIntegratedFarming,Create: Integrated Farming,璇穹之歌,0,Y,Y
https://github.com/KhloeLeclair/CreateAdditionalLogistics,Create: Additional Logistics,璇穹之歌,0,Y,Y
https://github.com/MoePus/CreateBetterFPS,CreateBetterFps,璇穹之歌,0,Y,Y
https://github.com/duckgun13476/Create-FastCannon,Create: FastSchematicCannon,璇穹之歌,0,Y,Y
https://github.com/Forsteri123/CreateLiquidFuel,Create: Liquid Fuel,璇穹之歌,0,Y,Y
https://github.com/tom5454/Create-Ore-Excavation,Create Ore Excavation,璇穹之歌,0,Y,Y
https://github.com/JuniKnytt/CreateRailGrinding,Create: Train Track Rail Grinding,璇穹之歌,0,Y,Y
https://github.com/cakeGit/Create-Ez-Stock-Ticker,Create: Easy Stock Ticker,璇穹之歌,0,Y,Y
https://github.com/oierbravo/create-mechanical-spawner,Create Mechanical Spawner,璇穹之歌,0,Y,Y
https://github.com/hlysine/create_power_loader,Create: Power Loader,璇穹之歌,0,Y,Y
https://github.com/PierreChag/dawnoftimebuilder,Dawn of Time,璇穹之歌,0,,Y
https://github.com/ascpixi/disconnect-packet-fix,Disconnect Packet Fix,璇穹之歌,0,,Y
https://github.com/enjarai/do-a-barrel-roll,Do a Barrel Roll,璇穹之歌,0,,Y
https://github.com/ZZZank/EfficientHashing,EfficientHashing,璇穹之歌,0,,Y
https://github.com/george8188625/Create-Electro-Energetics,Create: Electro Energetics,璇穹之歌,0,Y,Y
https://github.com/nanite/Flat-Bedrock,Flat Bedrock,璇穹之歌,0,,Y
https://github.com/ObscuriaLithium/Fragmentum,Fragmentum,璇穹之歌,0,Y,Y
https://github.com/MaliceZed/frequency-create,Frequency Create,璇穹之歌,0,Y,Y
https://github.com/remarxk/GUI-Tween,GUI Tween,璇穹之歌,0,,Y
https://github.com/RaphiMC/ImmediatelyFast,ImmediatelyFast,ATM10/璇穹之歌,0,,Y
https://github.com/Iron431/irons-spells-n-spellbooks,Iron's Spells 'n Spellbooks,ATM10/璇穹之歌,0,Y,Y
https://github.com/Snownee/JadeAddons,Jade Addons (Neo/Forge),璇穹之歌,0,Y,Y
https://github.com/404Setup/KryptonReno,Krypton Reno,璇穹之歌,0,,Y
https://github.com/AlmostReliable/lootjs,LootJS: KubeJS Addon,璇穹之歌,0,,Y
https://github.com/Wall-ev/MaidsoulKitchen,Maidsoul Kitchen,璇穹之歌,0,Y,Y
https://github.com/sch246/MaidUseHandCrank,MaidUseHandCrank,璇穹之歌,0,,Y
https://github.com/oierbravo/mechanicals-lib,Mechanicals Lib,璇穹之歌,0,,Y
https://github.com/Craft1x/MedievalBuildingsEnder,Medieval Buildings [End Edition],璇穹之歌,0,,Y
https://github.com/FinnSetchell/MoogsStructureLib,Moog's Structure Lib (moogs_structures),ATM10/璇穹之歌,0,Y,Y
https://github.com/FinnSetchell/MoogsEndStructures,MES - Moog's End Structures,ATM10/璇穹之歌,0,Y,Y
https://github.com/SoyTutta/MyNethersDelight,My Nether's Delight,璇穹之歌,0,,Y
https://github.com/ObscuriaLithium/obscure-tooltips,Obscure Tooltips,璇穹之歌,0,Y,Y
https://github.com/TonimatasDEV/PacketFixer,Packet Fixer,璇穹之歌,0,,Y
https://github.com/Leclowndu93150/Particular,Particular ✨ Reforged,璇穹之歌,0,,Y
https://github.com/KosmX/fabricPlayerAnimation,playerAnimator,ATM10/璇穹之歌,0,,Y
https://github.com/TelepathicGrunt/RepurposedStructures,Repurposed Structures - Neoforge/Forge,ATM10/璇穹之歌,0,Y,Y
https://github.com/Jaredlll08/Searchables,Searchables,ATM10/璇穹之歌,0,,Y
https://github.com/starforcraft/Showcase-Item,Showcase Item,璇穹之歌,0,,Y
https://github.com/LIUKRAST/SmartBounds,Create Smart Bounds,璇穹之歌,0,Y,Y
https://github.com/mortuusars/SootyChimneys,Sooty Chimneys,璇穹之歌,0,Y,Y
https://github.com/lucko/spark,spark,ATM10/璇穹之歌,0,,Y
https://github.com/TelepathicGrunt/StructureLayoutOptimizer,Structure Layout Optimizer,璇穹之歌,0,Y,Y
https://github.com/Faboslav/it-takes-a-pillage,It Takes a Pillage Continuation,璇穹之歌,0,,Y
https://github.com/Fuzss/tinyskeletons,Tiny Skeletons,璇穹之歌,0,,Y
https://github.com/LocusAzzurro/Ultramarine,Ultramarine,璇穹之歌,0,,Y
https://github.com/0999312/umapyoi,Umapyoi,璇穹之歌,0,Y,Y
https://github.com/MincraftEinstein/UsefulSlime,Useful Slime,璇穹之歌,0,,Y
https://github.com/sketchmacaw/Trapdoors,Macaw's Trapdoors,ATM10/璇穹之歌,0,,Y
https://github.com/sketchmacaw/MacawsDoors,Macaw's Doors,ATM10/璇穹之歌,0,,Y
https://github.com/sketchmacaw/Macaws-Stairs,Macaw's Stairs,ATM10/璇穹之歌,0,,Y
https://github.com/breezeth-CN/OrdertoCook,Order to cook下单了！,璇穹之歌,0,,Y
https://github.com/Alex-Hashtag/LegendarySurvivalOverhaul,Legendary Survival Overhaul,璇穹之歌,0,Y,Y
https://github.com/Corosauce/ZombieAwareness,Zombie Awareness,璇穹之歌,0,,Y
https://github.com/Baisylia/Cultural-Delights-1.19.2,Cultural Delights,璇穹之歌,0,,Y
https://github.com/Corosauce/Weather2,Weather Storms & Tornadoes,璇穹之歌,0,,Y
https://github.com/Hidoni/Transmog,Transmog,璇穹之歌,0,,Y
https://github.com/Minecraft-LightLand/Cuisine-Delight,Cuisine Delight,璇穹之歌,0,,Y
https://github.com/Tower-of-Sighs/AUI,ApricityUI,璇穹之歌,0,,Y
https://github.com/ExpensiveKoala/Fishing-Real,Fishing Real,璇穹之歌,0,,Y
https://github.com/xianziyu001-stack/End-Remastered-ProMax,End Remastered ProMax,璇穹之歌,0,,Y
https://github.com/Jack-Bagel/End-Remastered,End Remastered,璇穹之歌,0,,Y
https://github.com/CubesterYT/CBC-CompactMount,CBC: Compact Mount,璇穹之歌,0,,Y
https://github.com/ZLT9/create-vibrant-vaults,Create: Vibrant Vaults,璇穹之歌,0,Y,Y
https://github.com/cff1028/create_schematics_fix,Create Bugfix: Schematic Patch,璇穹之歌,0,Y,Y
https://github.com/ForgeStove/CreateCyberGoogles,Create: Cyber Goggles,璇穹之歌,0,Y,Y
https://github.com/getItemFromBlock/Create-Tweaked-Controllers,Create: Tweaked Controllers,璇穹之歌,0,Y,Y
https://github.com/Minecraft-LightLand/FruitsDelight,Fruits Delight,璇穹之歌,0,Y,Y
https://github.com/BmtUltra/Kaleidoscope-Compat,Kaleidoscope Compat,璇穹之歌,0,Y,Y
https://github.com/KaleidoscopeMods/KaleidoscopeCookery,Kaleidoscope Cookery,璇穹之歌,0,Y,Y
https://github.com/WitherRedstone/Kaleidoscope-DimensionsWine,Kaleidoscope：Dimensions wine,璇穹之歌,0,Y,Y
https://github.com/TartaricAcid/KaleidoscopeDoll,Kaleidoscope Doll,璇穹之歌,0,Y,Y
https://github.com/baiyin1223/Kaleidoscope_bloodwine,Kaleidoscope_bloodwine,璇穹之歌,0,Y,Y
https://github.com/LeoMinecraftModding/eternal-starlight,Eternal Starlight,ATM10/璇穹之歌,0,,Y
https://github.com/Lightning-64/Tide-2,Tide 2,璇穹之歌,0,,Y
https://github.com/Scouter456/Nether_Depths_Upgrade,Nether Depths Upgrade,璇穹之歌,0,,Y
https://github.com/Let-s-Do-Collection/Candlelight,[Let's Do] Candlelight - Farm&Charm compat,璇穹之歌,0,,Y
https://github.com/CreativeMD/PlayerRevive,PlayerRevive,璇穹之歌,0,,Y
https://github.com/ZCRAFT-NPE/Presence-Footsteps-NeoForge,Presence Footsteps (NeoForge),璇穹之歌,0,,Y
https://github.com/Let-s-Do-Collection/vinery,[Let's Do] Vinery,璇穹之歌,0,,Y
https://github.com/Let-s-Do-Collection/Bakery,[Let's Do] Bakery - Farm&Charm Compat,璇穹之歌,0,,Y
https://github.com/yision1/GearsandTavern,Create: Gears and Tavern,璇穹之歌,0,Y,Y
https://github.com/klinbee/No-Void-Structures,No Void Structures,璇穹之歌,0,Y,Y
https://github.com/FOOLSIX/ldip,Limited Damage Indicator Particle,璇穹之歌,0,,Y
https://github.com/TakeruDavis/CreateCardboardedConveynience,Create: Cardboarded Conveynience,璇穹之歌,0,Y,Y
https://github.com/IAFEnvoy/Jupiter,Jupiter,ATM10/璇穹之歌,0,,Y
https://github.com/Industrialists-Of-Create/Create-Bits-n-Bobs,Create: Bits 'n' Bobs,璇穹之歌,0,Y,Y
https://github.com/CosmonauticsTeam/Create-Cosmonautics,Create Cosmonautics,璇穹之歌,0,Y,Y
https://github.com/yision1/CreateFluidLogistic,Create: FluidLogistics,璇穹之歌,0,Y,Y
https://github.com/Fallen-Breath/fast-ip-ping,Fast IP Ping,璇穹之歌,0,,Y
https://github.com/zhenshiz/ViScriptShop,ViScriptShop,璇穹之歌,0,,Y
https://github.com/IanMods/SeasonHUD,SeasonHud,璇穹之歌,0,,Y
https://github.com/Fuzss/forgeconfigapiport,Forge Config API Port,璇穹之歌,0,,Y
https://github.com/WitherRedstone/Fox-Trot-Brew,Fox Trot Brew,璇穹之歌,0,,Y
https://github.com/WinExp/MaidTavern,Maid Tavern,璇穹之歌,0,,Y
https://github.com/redtardis12/Tornado-Physics,"Weather Physics (Wind, Sails & Tornadoes)",璇穹之歌,0,,Y
https://github.com/AzureDoom/Log-Begone,Log Begone,璇穹之歌,0,,Y
https://github.com/Richy-Z/ThreatenGL,ThreatenGL,璇穹之歌,0,,Y
https://github.com/hotsu0p/Trek-Issues,Trek,璇穹之歌,0,,Y
https://github.com/Traverse-Joe/Baubley-Heart-Canisters,Baubley Heart Canisters,ATM10/璇穹之歌,0,,Y
https://github.com/frcvdt45g6by7hnj8ukm-nh8b7g6vtf5r4de3/FastQuit-Forge,FastQuit-Forge,璇穹之歌,0,,Y
https://github.com/Bivrik/FancyToasts,Fancy Toasts | Better Advancements,璇穹之歌,0,,Y
https://github.com/sprocketaudio/Create-Aeronautics-Throwable-Rope-Connector,Create Aeronautics: Throwable Rope Connector,璇穹之歌,0,Y,Y
https://github.com/CancriRecoleta/NewVisualKebing,New Visual Keybing,璇穹之歌,0,,Y
https://github.com/matejhozlar/Create-Aeronautics-Climbable-Ropes,Climbable Ropes for Create Aeronautics,璇穹之歌,0,Y,Y
https://github.com/Okabintaro/UntitledDuckMod,Untitled Duck Mod,璇穹之歌,0,,Y
https://github.com/maDU59/FancyWorldAnimations,Fancy World Animations [FWA],璇穹之歌,0,,Y
https://github.com/ChoiceTheorem/ChoiceTheorem-s-overhauled-village,ChoiceTheorem's Overhauled Village,ATM10/璇穹之歌,0,,Y
https://github.com/FionaTheMortal/better-biome-blend,[别创建新世界！] 0world2create-neoforge-1.21.1-1.0.0.jar,星轨重铸/璇穹之歌,0,Y,Y
https://github.com/maDU59/FasterIrisShadowMapper,Faster Iris Shadow Mapper [FISM],璇穹之歌,0,,Y
https://github.com/cakeGit/Create-Trading-Floor,Create: Trading floor,璇穹之歌,0,Y,Y
https://github.com/Nobodiiiii/Create-Biotech,Create: Biotech - 机械动力：生物科技,璇穹之歌,0,Y,Y
https://github.com/ausmez/create-storage-neo-forge,Create: Storage [Neo/Forge],璇穹之歌,0,Y,Y
https://github.com/breezeth-CN/KaleidoscopeGrilling,Kaleidoscope Grilling,璇穹之歌,0,Y,Y
https://github.com/NightEpiphany/KaleidoscopeHodgepodge,Kaleidoscope Hodgepodge,璇穹之歌,0,Y,Y
https://github.com/KaleidoscopeMods/KaleidoscopeTavern,Kaleidoscope Tavern,璇穹之歌,0,Y,Y
https://github.com/cakeGit/Pattern-Schematics-Multiloader,Create: Pattern Schematics,璇穹之歌,0,Y,Y
https://github.com/joshieman06/SunkenSpires,Sunken Spires,璇穹之歌,0,,Y
https://github.com/MIKOALOPEX/Create-FireFightingAdd,Create: FireFighting Additions,璇穹之歌,0,Y,Y
https://github.com/KreloX/Duplicate-Entity-UUID-Fix,DEUF - Duplicate Entity UUID Fix [NeoForge],璇穹之歌,0,,Y
https://github.com/userenxv/aeronautics-utility-objects,Create Aeronautics: Transmission & Linkage,璇穹之歌,0,,Y
https://github.com/Chaolux1/LendersDelight,L_Ender 's Cataclysm Delight,璇穹之歌,0,Y,Y
https://github.com/weaversworkshop/grapplemod-skybound,Grappling Hook Mod: Skybound,璇穹之歌,0,,Y
https://github.com/blorbee1/createaerophysicsgantry,Create Aeronautics Physics Gantry,璇穹之歌,0,Y,Y
https://github.com/zhenshiz/ViScriptShop-Market,ViScriptShop Market,璇穹之歌,0,,Y
https://github.com/xienaoban/minecraft-biology-dictionary,Biology Dictionary,璇穹之歌,0,,Y
https://github.com/Corosauce/WATUT,What Are They Up To (Watut),璇穹之歌,0,,Y
https://github.com/axperty/cratedelight,Crate Delight,璇穹之歌,0,,Y
https://github.com/rekales/create-more-package-couriers,Create More: Package Couriers,璇穹之歌,0,Y,Y
https://github.com/LOVE-U987/Adaptive-Nemesis,[AN]Adaptive Nemesis,璇穹之歌,0,,Y
https://github.com/Maxenonyme/Create-Deep-Seas,Create Deep Seas,璇穹之歌,0,Y,Y
https://github.com/SuperMartijn642/Fusion,Fusion (Connected Textures),ATM10/璇穹之歌,0,,Y
https://github.com/M-K2525/VS_Hose_Connectors,VS / Sable Hose Connectors,璇穹之歌,0,,Y
https://github.com/leon-o/Create-Dynamic-Lights,Create Sable Dynamic Lights,璇穹之歌,0,Y,Y
https://github.com/MaxnessAWA/Wind-Tunnel,Aeronautics:Wind Tunnel,璇穹之歌,0,Y,Y
https://github.com/Nova-Committee/0Pack2Reload,0Pack2Reload,璇穹之歌,0,,Y
https://github.com/FINDERFEED/FDLib,FDLib,璇穹之歌,0,,Y
https://github.com/zhenshiz/ViScriptRecipe,ViScriptRecipe,璇穹之歌,0,,Y
https://github.com/mortuusars/Horseman,Horseman,璇穹之歌,0,Y,Y
https://github.com/Shadows-of-Fire/Apothic-Attributes,ApothicAttributes-1.21.1-2.10.1.jar,星轨重铸/璇穹之歌,0,Y,Y
https://github.com/TerminalMC/ClientSort,clientsort-neoforge-3.89.0-beta.2+1.21.1.jar,璇穹之歌,0,,Y
https://github.com/MrCrayfish/Configured,a/[配置界面] configured-neoforge-1.21.1-2.6.3.jar,FIDR暗涌/星轨重铸/璇穹之歌,0,,Y
https://github.com/Olafski/FastLeafDecay,a/[树叶快速腐烂] fastleafdecay-35.jar,星轨重铸/璇穹之歌,0,,Y
https://github.com/nutant233/Fast-Recipe-Search,fastrecipesearch-1.21.1-26.8.1-neoforge.jar,璇穹之歌,0,,Y
https://github.com/MrCrayfish/Framework,framework-neoforge-1.21.1-0.13.11.jar,FIDR暗涌/璇穹之歌,0,,Y
https://github.com/FTBTeam/FTB-Library,ftb-library-neoforge-2101.1.35.jar,FIDR暗涌/星轨重铸/璇穹之歌,0,,Y
https://github.com/FTBTeam/FTB-Teams,a/[FTB 团队] ftb-teams-neoforge-2101.1.10.jar,FIDR暗涌/星轨重铸/璇穹之歌,0,,Y
https://github.com/FTBTeam/FTB-XMod-Compat,ftb-xmod-compat-neoforge-21.1.11.jar,FIDR暗涌/璇穹之歌,0,,Y
https://github.com/MrCrayfish/GoblinTraders,goblintraders-neoforge-1.21.1-1.11.2.jar,璇穹之歌,0,,Y
https://github.com/Iron431/irons-jewelry,irons_jewelry-1.21.1-1.6.0.jar,璇穹之歌,0,Y,Y
https://github.com/Mrbysco/JustEnoughProfessions,a/[JEI工作方块] JustEnoughProfessions-neoforge-1.21.1-4.0.5.jar,星轨重铸/璇穹之歌,0,,Y
https://github.com/MrCrayfish/MightyMail,mighty_mail-neoforge-1.21.1-1.1.4.jar,璇穹之歌,0,,Y
https://github.com/Mrbysco/Retraining,Retraining-neoforge-1.21-2.0.0.jar,璇穹之歌,0,,Y
https://github.com/FTBTeam/FTB-Quests,[FTB 任务] ftb-quests-neoforge-2101.1.34.jar,璇穹之歌,0,,Y
https://github.com/MrCrayfish/MrCrayfishFurnitureMod-Refurbished,[MrCrayfish 的家具：重制] refurbished_furniture-neoforge-1.21.1-1.0.22.jar,FIDR暗涌/璇穹之歌,0,,Y
https://github.com/someaddons/gpumemleakfix,a/[修复GPU内存泄漏] gpumemleakfix-1.21-1.8.jar,星轨重铸/璇穹之歌,0,,Y
https://github.com/IAFEnvoy/IceAndFire-CE,[冰火传说社区版] iceandfire-2.1.jar,璇穹之歌,0,Y,Y
https://github.com/EccentricVamp/EccentricTome,[怪奇宝典] eccentrictome-1.21.1-1.2.0.jar,璇穹之歌,0,,Y
https://github.com/Buuz135/FindMe,[找到我] findme-1.21.1-neoforge-1.3.0-test.7.jar,璇穹之歌,0,,Y
https://github.com/TeamTwilight/twilightforest,a/[暮色森林] twilightforest-1.21.1-4.8.3345-universal.jar,星轨重铸/璇穹之歌,0,Y,Y
https://github.com/Renyigesai/bakery,[烘焙坊] bakeries-1.21.1-NeoForge-1.0.3.jar,璇穹之歌,0,,Y
https://github.com/Cazsius/Spice-of-Life-Carrot-Edition,[生活调味料：胡萝卜版] solcarrot-1.21.1-1.16.6.jar,璇穹之歌,0,,Y
https://github.com/AtomicStryker/atomicstrykers-minecraft-mods,[稀有精英怪] infernalmobs-1.21.1.3NF.jar,星轨重铸/璇穹之歌,0,,Y
https://github.com/henkelmax/corpse,[遗体] corpse-neoforge-1.21.1-1.1.13.jar,璇穹之歌,0,,Y
https://github.com/Glitchfiend/SereneSeasons,a/[静谧四季／季节] SereneSeasons-neoforge-1.21.1-10.1.0.3.jar,星轨重铸/璇穹之歌,0,,Y
https://github.com/breeze-devs/Settlements-Alpha,万家烟火settlements-1.0.0-beta.1.jar,璇穹之歌,0,,Y
https://github.com/MoePus/SaveMyRecipeBook,保存我的配方书smrb-1.0.0.jar,璇穹之歌,0,,Y
https://github.com/Minecraft-LightLand/ModularGolems,傀儡装配modulargolems-3.1.43.jar,璇穹之歌,0,,Y
https://github.com/pietro-lopes/AllTheLeaks,内存泄漏alltheleaks-1.1.12+1.21.1-neoforge.jar,星轨重铸/璇穹之歌,0,,Y
https://github.com/IAFEnvoy/Uranus,冰火前置uranus-2.4.1-bugfix-1.21.1-neoforge.jar,璇穹之歌,0,,Y
https://github.com/Shadows-of-Fire/FastFurnace,a/[熔炉性能优化] FastFurnace-1.21.1-9.0.1.jar,星轨重铸/璇穹之歌,0,,Y
https://github.com/gizmo-ds/smsn-mod,救救网络smsn-neoforge-1.4.3-1.21.1.jar,璇穹之歌,0,,Y
https://github.com/AlexModGuy/AlexsCaves,洞穴alexscaves-2.0.2.jar,璇穹之歌,0,Y,Y
https://github.com/Argon4W/AcceleratedRendering,[加速渲染] acceleratedrendering-1.0.14-1.20.1-alpha.jar,FIDR暗涌/璇穹之歌,0,,Y
https://github.com/Corosauce/CoroUtil,看看你在干什么前置coroutil-neoforge-1.21.0-1.3.9.jar,璇穹之歌,0,,Y
https://github.com/Mrbysco/StructureCompass,结构指南针StructureCompass-1.21.1-4.2.1.jar,璇穹之歌,0,,Y
https://github.com/Mrbysco/AgeingSpawners,AgeingSpawners-1.20.1-2.0.0.jar,FIDR暗涌,0,,Y
https://github.com/CraftTweaker/CraftTweaker,CraftTweaker-forge-1.20.1-14.0.60.jar,FIDR暗涌,0,,Y
https://github.com/someaddons/cupboard,cupboard-1.20.1-4.1.jar,FIDR暗涌/星轨重铸,0,,Y
https://github.com/ExcessiveAmountsOfZombies/EpheroLib,EpheroLib-1.20.1-FORGE-1.2.0.jar,FIDR暗涌,0,,Y
https://github.com/FTBTeam/FTB-Essentials,ftb-essentials-forge-2001.2.4.jar,FIDR暗涌,0,,Y
https://github.com/FTBTeam/FTB-Ranks,ftb-ranks-forge-2001.1.7.jar,FIDR暗涌,0,,Y
https://github.com/hammertater/treechop,TreeChop-1.20.1-forge-0.19.0-fixed.jar,FIDR暗涌,0,,Y
https://github.com/FTBTeam/FTB-Mods-Issues,a/[FTB任务] ftb-quests-neoforge-2101.1.24.jar,FIDR暗涌/星轨重铸,0,,Y
https://github.com/stfwi/engineers-decor,[工程师的装饰]engineersdecor-1.3.31.jar,FIDR暗涌,0,,Y
https://github.com/Tfarcenim/OverloadedArmorBar,[护甲上限突破] overloadedarmorbar-1.20.1-1.jar,FIDR暗涌,0,,Y
https://github.com/zlainsama/CosmeticArmorReworked,[时装盔甲重置版] cosmeticarmorreworked-1.20.1-v1a.jar,FIDR暗涌,0,,Y
https://github.com/LatvianModder/Item-Filters,[物品过滤器] item-filters-forge-2001.1.0-build.59.jar,FIDR暗涌,0,,Y
https://github.com/PaintNinja/Presence-Footsteps-Forge,[脚步声Forge版] PresenceFootsteps-1.20.1-1.9.1-beta.1.jar,FIDR暗涌,0,,Y
https://github.com/SonarSonic/Flux-Networks,[通量网络] FluxNetworks-1.20.1-7.2.1.15.jar,FIDR暗涌,0,Y,Y
https://github.com/someaddons/structureessentials,structureessentials-1.21.1-5.0.jar,星轨重铸,0,,Y
https://github.com/KubeJS-Mods/KubeJS-Create,kubejs-create-neoforge-2101.3.1-build.18.jar,星轨重铸,0,Y,Y
https://github.com/FTBTeam/FTB-Ultimine,a/[连锁破坏] ftb-ultimine-neoforge-2101.1.13.jar,星轨重铸,0,,Y
https://github.com/shedaniel/LightOverlay,[亮度覆盖] light-overlay-12.0.0-neoforge.jar,星轨重铸,0,,Y
https://github.com/P3pp3rF1y/SophisticatedCore,a/[精妙核心] sophisticatedcore-1.21.1-1.4.33.1808.jar,ATM10/星轨重铸,0,Y,Y
https://github.com/TwelveIterations/TrashSlot,a/[垃圾槽] trashslot-neoforge-1.21.1-21.1.9.jar,ATM10/星轨重铸,0,,Y
https://github.com/TwelveIterations/CookingForBlockheads,a/[傻瓜烹饪／懒人厨房] cookingforblockheads-neoforge-1.21.1-21.1.21.jar,ATM10/星轨重铸,0,,Y
https://github.com/Shadows-of-Fire/FastWorkbench,a/[工作台性能优化] FastWorkbench-1.21.1-9.1.3.jar,星轨重铸,0,,Y
https://github.com/Rain156/disable-enderman-picking-up-blocks,[禁用末影人搬运] depub.jar,星轨重铸,0,,Y
https://github.com/KODU16/vsie,AeroIE-1.0.0-hotfix2.jar,星轨重铸,0,,Y
https://github.com/TwelveIterations/CraftingTweaks,a/[合成辅助] craftingtweaks-neoforge-1.21.1-21.1.9.jar,ATM10/星轨重铸,0,,Y
https://github.com/someaddons/smoothchunksave,a/[平滑区块保存] smoothchunk-1.21-4.1.jar,星轨重铸,0,,Y
https://github.com/P3pp3rF1y/SophisticatedStorage,a/[精妙存储] sophisticatedstorage-1.21.1-1.5.45.1697.jar,ATM10/星轨重铸,0,Y,Y
https://github.com/rikka0w0/LanServerProperties,[自定义局域网联机] lanserverproperties-1.13.2-neoforge.jar,星轨重铸,0,,Y
https://github.com/JTK222/common-networking,common-networking-neoforge-1.0.21-1.21.1.jar,星轨重铸,0,,Y
https://github.com/P3pp3rF1y/SophisticatedBackpacks,a/[精妙背包] sophisticatedbackpacks-1.21.1-3.25.42.1709.jar,ATM10/星轨重铸,0,Y,Y
https://github.com/P3pp3rF1y/Reliquary,[圣遗物] reliquary-1.21.1-2.0.78.1552.jar,ATM10/星轨重铸,0,,Y
https://github.com/FTBTeam/FTB-Chunks,a/[FTB 区块] ftb-chunks-neoforge-2101.1.14.jar,星轨重铸,0,,Y
https://github.com/Team-EnderIO/EnderIO,Ender IO,ATM10,0,Y,Y
https://github.com/CyclopsMC/EvilCraft,EvilCraft,ATM10,0,,Y
https://github.com/CyclopsMC/CyclopsCore,Cyclops Core,ATM10,0,,Y
https://github.com/CyclopsMC/IntegratedDynamics,Integrated Dynamics,ATM10,0,,Y
https://github.com/McJty/MFFS,Modular Force Field Systems (MFFS),ATM10,0,,
https://github.com/gigabit101/EnderStorage,Ender Storage 1.8.+,ATM10,0,,
https://github.com/CyclopsMC/CommonCapabilities,Common Capabilities,ATM10,0,,Y
https://github.com/McJty/XNet,Flux Networks,ATM10,0,,Y
https://github.com/desht/ModularRouters,Modular Routers,ATM10,0,,Y
https://github.com/ZeroNoRyouki/ExtremeReactors,Extreme Reactors,ATM10,0,,
https://github.com/CyclopsMC/IntegratedTunnels,Integrated Tunnels,ATM10,0,,Y
https://github.com/vadis365/Mob-Grinding-Utils,Mob Grinding Utils,ATM10,0,,Y
https://github.com/Buuz135/Industrial-Foregoing,More Industrial Foregoing Addons (MIFA),ATM10,0,,Y
https://github.com/TeamPneumatic/pnc-repressurized,PneumaticCraft: Repressurized,ATM10,0,,Y
https://github.com/BlakeBr0/IronJetpacks,Iron Jetpacks,ATM10,0,,Y
https://github.com/CyclopsMC/IntegratedCrafting,Integrated Crafting,ATM10,0,,Y
https://github.com/Buuz135/titanium,Titanium,ATM10,0,,
https://github.com/MysticMods/Roots,Roots Classic,ATM10,0,,Y
https://github.com/CyclopsMC/IntegratedTerminals,Integrated Terminals,ATM10,0,,Y
https://github.com/SilentChaos512/Silent-Gear,Silent Gear Metalworks,ATM10,0,,Y
https://github.com/McJty/RFToolsBase,RFTools Base,ATM10,0,,
https://github.com/McJty/RFToolsBuilder,RFTools Builder,ATM10,0,,
https://github.com/TelepathicGrunt/Bumblezone,The Bumblezone (NeoForge/Forge),ATM10,0,,Y
https://github.com/klikli-dev/occultism,Occultism KubeJS,ATM10,0,,Y
https://github.com/Commoble/MoreRed,More Red x CC:Tweaked Compat,ATM10,0,,Y
https://github.com/SuperMartijn642/SimpleMagnets,Simple Magnets,ATM10,0,,Y
https://github.com/SuperMartijn642/TrashCans,Trash Cans,ATM10,0,,Y
https://github.com/SuperMartijn642/ItemCollectors,Item Collectors,ATM10,0,,Y
https://github.com/baileyholl/Ars-Nouveau,Ars Nouveau,ATM10,0,,Y
https://github.com/Technici4n/Modern-Industrialization,Modern Industrialization,ATM10,0,,
https://github.com/SuperMartijn642/SuperMartijn642sConfigLib,SuperMartijn642's Config Lib,ATM10,0,,Y
https://github.com/XFactHD/FramedBlocks,FramedBlocks,ATM10,0,,Y
https://github.com/henkelmax/pipez,Pipez,ATM10,0,,Y
https://github.com/Ultramega/CableTiers,Cable Tiers,ATM10,0,,
https://github.com/Buuz135/Functional-Storage,Functional Storage,ATM10,0,,
https://github.com/Direwolf20-MC/LaserIO,LaserIO,ATM10,0,,Y
https://github.com/owmii/Powah,Powah! (Rearchitected),ATM10,0,,Y
https://github.com/XyCraft-Mods/XyCraft,XyCraft: Override,ATM10,0,,
https://github.com/Railcraft/Railcraft,Railcraft Reborn,ATM10,0,,Y
https://github.com/Draconic-Inc/Draconic-Evolution,Draconic Evolution,ATM10,0,,Y
https://github.com/AlphaMode/CompactMachines,Compact Machines,ATM10,0,,Y
https://github.com/Draconic-Inc/BrandonsCore,Brandon's Core,ATM10,0,,Y
https://github.com/marlester-dev/twilightforest-unofficial,The Twilight Forest,ATM10,0,,Y
https://github.com/SilentChaos512/SilentGems,Silent's Gems,ATM10,0,,Y
https://github.com/TeamJM/journeymap,JourneyMap,ATM10,0,,Y
https://github.com/Ellpeck/ActuallyAdditions,Actually Additions,ATM10,0,,Y
https://github.com/BuiltBrokenModding/AI-Improvements,AI Improvements: Performance Tuning,ATM10,0,,Y
https://github.com/Geforce132/SecurityCraft,Security Craft,ATM10,0,,Y
https://github.com/McJty/McJtyLib,McJtyLib,ATM10,0,,Y
https://github.com/refinedmods/refinedstorage2,Refined Storage,ATM10,0,,Y
https://github.com/SilentChaos512/SilentLib,Silent Lib (silentlib),ATM10,0,,Y
https://github.com/Leclowndu93150/Corpse-Cosmetic-Armor-Compat,Cosmetic Armor Reworked,ATM10,0,,Y
https://github.com/refinedmods/rangedpumps,Ranged Pumps,ATM10,0,,Y
https://github.com/VazkiiMods/AkashicTome,Akashic Tome,ATM10,0,,Y
https://github.com/ARxyt/ColonyPathingEdition,MineColonies,ATM10,0,,Y
https://github.com/The-Aether-Team/The-Aether,The Aether,ATM10,0,,Y
https://github.com/Shadows-of-Fire/Wither-Skeleton-Tweaks,Wither Skeleton Tweaks,ATM10,0,,Y
https://github.com/ImFalling/OpenBlocks_Elevator_Fabric,OpenBlocks Elevator,ATM10,0,,Y
