mod文件,项目名,GitHub,来源,本地反编译,代码行数
ApothicAttributes-1.21.1-2.10.1.jar,ApothicAttributes-1.21.1-2.10.1.jar,https://github.com/Shadows-of-Fire/Apothic-Attributes,manual,,
BetterAdvancements-NeoForge-1.21.1-0.4.3.21.jar,Better Advancements,https://github.com/way2muchnoise/BetterAdvancements,modrinth-api,,
CombatNouveau-v21.1.2-1.21.1-NeoForge.jar,Combat Nouveau,https://github.com/Fuzss/combatnouveau,modrinth-api,,
ConfiguredDefaults-v21.1.3-1.21.1-NeoForge.jar,Configured Defaults,https://github.com/Fuzss/configureddefaults,modrinth-api,,
Controlling-neoforge-1.21.1-19.0.5.jar,Controlling,https://github.com/jaredlll08/Controlling,modrinth-api,,
CreateDragonsPlus-1.11.7b.jar,Create: Dragons Plus,https://github.com/DragonsPlusMinecraft/CreateDragonsPlus,modrinth-api,,
CreateFastSchematicCannon-1.4.1-neoforge-1.21.1.jar,Create: FastSchematicCannon,https://github.com/duckgun13476/Create-FastCannon,modrinth-api,,
DnT-ancient-city-overhaul-v2 [NeoForge].jar,Dungeons and Taverns Ancient City Overhaul,,,Y,0
FarmersDelight-1.21.1-1.3.4.jar,Farmer's Delight,https://github.com/vectorwing/FarmersDelight,modrinth-api,,
GUI动画guitween-3.4.0-1.21.1+neoforge.jar,GUI Tween,https://github.com/remarxk/GUI-Tween,modrinth-api,,
HopoBetterRuinedPortals-[1.21.1-1.21.3]-1.4.4b.jar,Hopo Better Ruined Portals,,,Y,0
ImmediatelyFast-NeoForge-1.6.13+1.21.1.jar,ImmediatelyFast,https://github.com/RaphiMC/ImmediatelyFast,modrinth-api,,
Jade-1.21.1-NeoForge-15.10.6.jar,Jade 🔍,https://github.com/Snownee/Jade,modrinth-api,,
JadeAddons-1.21.1-NeoForge-6.1.0.jar,Jade Addons (Neo/Forge),https://github.com/Snownee/JadeAddons,modrinth-api,,
JustEnoughProfessions-neoforge-1.21.1-4.0.5.jar,JustEnoughProfessions-neoforge-1.21.1-4.0.5.jar,https://github.com/Mrbysco/JustEnoughProfessions,manual,,
L_Ender's Cataclysm 1.21.1-3.32.jar,L_Ender's Cataclysm,https://github.com/lender544/new1.20.1,modrinth-api,,
MaidUseHandCrank_1.6.2-neoforge_21.1.219-1.21.1.jar,MaidUseHandCrank,https://github.com/sch246/MaidUseHandCrank,modrinth-api,,
MoogsEndStructures-1.21-2.0.3.jar,MES - Moog's End Structures,https://github.com/FinnSetchell/MoogsEndStructures,modrinth-api,,
MouseTweaks-neoforge-mc1.21-2.26.1.jar,Mouse Tweaks,https://github.com/YaLTeR/MouseTweaks,modrinth-api,,
MyNethersDelight-1.21.1-1.10.4.jar,My Nether's Delight,https://github.com/SoyTutta/MyNethersDelight,modrinth-api,,
Patchouli-1.21.1-93-NEOFORGE.jar,Patchouli,https://github.com/VazkiiMods/Patchouli,modrinth-api,,
Placebo-1.21.1-9.9.2.jar,Placebo,https://github.com/Shadows-of-Fire/Placebo,modrinth-api,,
PuzzlesLib-v21.1.52-1.21.1-NeoForge.jar,Puzzles Lib,https://github.com/Fuzss/puzzleslib,modrinth-api,,
Retraining-neoforge-1.21-2.0.0.jar,Retraining-neoforge-1.21-2.0.0.jar,https://github.com/Mrbysco/Retraining,manual,,
Searchables-neoforge-1.21.1-1.0.2.jar,Searchables,https://github.com/Jaredlll08/Searchables,manual,,
TinySkeletons-v21.1.0-1.21.1-NeoForge.jar,Tiny Skeletons,https://github.com/Fuzss/tinyskeletons,modrinth-api,,
UsefulSlime-neoforge-1.21-1.12.1.jar,Useful Slime,https://github.com/MincraftEinstein/UsefulSlime,modrinth-api,,
[3D 皮肤层] skinlayers3d-neoforge-1.11.2-mc1.21.1.jar,3D Skin Layers,https://github.com/tr7zw/3d-skin-layers,modrinth-api,,
[FTB 任务] ftb-quests-neoforge-2101.1.34.jar,[FTB 任务] ftb-quests-neoforge-2101.1.34.jar,https://github.com/FTBTeam/FTB-Quests,manual,,
[Macaw 的活板门] mcw-trapdoors-1.1.5-mc1.21.1neoforge.jar,Macaw's Trapdoors,https://github.com/sketchmacaw/Trapdoors,modrinth-api,,
[Macaw 的窗户] mcw-mcwwindows-2.4.2-mc1.21.1neoforge.jar,Macaw's Windows,,,Y,2961
[Macaw 的门] mcw-doors-1.1.5-mc1.21.1neoforge.jar,Macaw's Doors,https://github.com/sketchmacaw/MacawsDoors,modrinth-api,,
[Macaw的栅栏与墙] mcw-mcwfences-1.2.1-mc1.21.1neoforge.jar,Macaw's Fences and Walls,https://github.com/sketchmacaw/Fences,modrinth-api,,
[Macaw的桥梁] mcw-bridges-3.1.2-mc1.21.1neoforge.jar,Macaw's Bridges,https://github.com/sketchmacaw/Bridges,modrinth-api,,
[Macaw的楼梯与露台] mcw-mcwstairs-1.0.2-mc1.21.1neoforge.jar,Macaw's Stairs,https://github.com/sketchmacaw/Macaws-Stairs,modrinth-api,,
[MrCrayfish 的家具：重制] refurbished_furniture-neoforge-1.21.1-1.0.22.jar,[MrCrayfish 的家具：重制] refurbished_furniture-neoforge-1.21.1-1.0.22.jar,https://github.com/MrCrayfish/MrCrayfishFurnitureMod-Refurbished,manual,,
[Wan的远古异兽] wan_ancient_beasts-neoforge_1.21.1_1.4.3.jar,[Wan的远古异兽] wan_ancient_beasts-neoforge_1.21.1_1.4.3.jar,,,Y,0
[下单了] ordertocook-1.3.6-neoforge1.21.1.jar,Order to cook下单了！,https://github.com/breezeth-CN/OrdertoCook,modrinth-api,,
[传奇怪物] legendary_monsters-2.2.2 MC 1.21.1.jar,Legendary Monsters,https://github.com/Miauczel/Legendary-Monsters-1.21.1-NeoForge,modrinth-api,,
[传说生存] legendarysurvivaloverhaul-1.21.1-2.4.7.2.jar,Legendary Survival Overhaul,https://github.com/Alex-Hashtag/LegendarySurvivalOverhaul,modrinth-api,,
[修复GPU内存泄漏] gpumemleakfix-1.21-1.8.jar,[修复GPU内存泄漏] gpumemleakfix-1.21-1.8.jar,https://github.com/someaddons/gpumemleakfix,manual,,
[僵尸意识] zombieawareness-neoforge-1.21.0-1.13.2.jar,Zombie Awareness,https://github.com/Corosauce/ZombieAwareness,modrinth-api,,
[全局数据包] globalpacks-neoforge-1.21.1-21.0.6.jar,Global Packs,,modrinth-api,Y,728
[冰火传说社区版] iceandfire-2.1.jar,[冰火传说社区版] iceandfire-2.1.jar,https://github.com/IAFEnvoy/IceAndFire-CE,manual,,
[别创建新世界！] 0world2create-neoforge-1.21.1-1.0.0.jar,[别创建新世界！] 0world2create-neoforge-1.21.1-1.0.0.jar,,,Y,20
[北极星市场方块] polaristrading-1.21.1neoforge-1.0beta.jar,[北极星市场方块] polaristrading-1.21.1neoforge-1.0beta.jar,,,Y,1763
[可视化工作台] VisualWorkbench-v21.1.1-1.21.1-NeoForge.jar,Visual Workbench,https://github.com/Fuzss/visualworkbench,modrinth-api,,
[地牢浮现之时] DungeonsArise-1.21.1-2.1.68-release.jar,When Dungeons Arise,,,Y,423
[地牢浮现之时] DungeonsAriseSevenSeas-1.21.x-1.0.4-neoforge.jar,When Dungeons Arise: Seven Seas,,,Y,16
[多元乐事] culturaldelights-0.17.8.jar,Cultural Delights,https://github.com/Baisylia/Cultural-Delights-1.19.2,modrinth-api,,
[天空村庄] SkyVillages-1.0.6-1.21.x-neoforge-release.jar,Sky Villages,,,Y,41
[局部气候&风暴] weather2-neoforge-1.21.0-2.8.7.jar,Weather Storms & Tornadoes,https://github.com/Corosauce/Weather2,manual,,
[工业平台] Industrial Platform-1.21.1-1.8.0.jar,[工业平台] Industrial Platform-1.21.1-1.8.0.jar,,,Y,1620
[幻化] transmog-neoforge-1.6.0+1.21.1.jar,Transmog,https://github.com/Hidoni/Transmog,modrinth-api,,
[怪奇宝典] eccentrictome-1.21.1-1.2.0.jar,[怪奇宝典] eccentrictome-1.21.1-1.2.0.jar,https://github.com/EccentricVamp/EccentricTome,jar-meta,,
[找到我] findme-1.21.1-neoforge-1.3.0-test.7.jar,[找到我] findme-1.21.1-neoforge-1.3.0-test.7.jar,https://github.com/Buuz135/FindMe,manual,,
[拾取提示] PickUpNotifier-v21.1.1-1.21.1-NeoForge.jar,Pick Up Notifier,https://github.com/Fuzss/pickupnotifier,modrinth-api,,
[探险者指南针 修改] explorerscompass-edited-1.21.1-3.0.4-neoforge.jar,[探险者指南针 修改] explorerscompass-edited-1.21.1-3.0.4-neoforge.jar,https://github.com/MattCzyr/ExplorersCompass,manual,,
[料理乐事] cuisinedelight-1.2.10.jar,Cuisine Delight,https://github.com/Minecraft-LightLand/Cuisine-Delight,modrinth-api,,
[晴雪UI] ApricityUI-neoforge-1.21.1-1.2.4.jar,ApricityUI,https://github.com/Tower-of-Sighs/AUI,modrinth-api,,
[暮色创世] tfremastered-1.0.0.jar,[暮色创世] tfremastered-1.0.0.jar,,,Y,186
[暮色森林] twilightforest-1.21.1-4.8.3345-universal.jar,[暮色森林] twilightforest-1.21.1-4.8.3345-universal.jar,https://github.com/TeamTwilight/twilightforest,manual,,
[暮色风味乐事] twilightdelight-3.2.2.jar,[暮色风味乐事] twilightdelight-3.2.2.jar,,,Y,4002
[更真实的钓鱼] fishingreal-neoforge-1.21.1-1.9.1.jar,Fishing Real,https://github.com/ExpensiveKoala/Fishing-Real,modrinth-api,,
[末地创世增强] end_remastered_promax-1.0.5.jar,End Remastered ProMax,https://github.com/xianziyu001-stack/End-Remastered-ProMax,modrinth-api,,
[末地：创世] endrem-neoforge-1.21.X-6.0.2.jar,End Remastered,https://github.com/Jack-Bagel/End-Remastered,modrinth-api,,
[机械动力火炮：先进技术] cbc_at_Neoforge_1.21.1_0.1.4c.jar,Create Big Cannons: Advanced Technologies,,,,
[机械动力火炮：增强型弹药] CBCmoreshells-1.2.3.jar,[机械动力火炮：增强型弹药] CBCmoreshells-1.2.3.jar,,,Y,8247
[机械动力火炮：紧凑式炮座] cbc_compact_mount-1.2.2.jar,CBC: Compact Mount,https://github.com/CubesterYT/CBC-CompactMount,modrinth-api,,
[机械动力航空学：工具枪] create_aeronautics_toolgun-0.3.6.jar,Create Aeronautics: Toolgun,https://github.com/userenxv/create-aeronautics-toolgun,modrinth-api,,
[机械动力：内饰] interiors-1.21.1-neoforge-0.6.1.jar,Create: Interiors,https://github.com/sudolev/CreateInteriorsMod,modrinth-api,,
[机械动力：创想附加] createaddition-1.6.0.jar,Create Crafts & Additions,https://github.com/mrh0/createaddition,modrinth-api,,
[机械动力：原子核动] createnuclear-1.3.2-beta.3-neoforge.jar,Create Nuclear,https://github.com/Giovanniricotta2002/CreateNuclearForge,本地 jar 元数据,Y,11825
[机械动力：推进工程] createpropulsion-1.1.5.jar,Create Propulsion: Simulated,https://github.com/Propulsion-Team/create-propulsion-simulated,modrinth-api,,
[机械动力：无人机物流] create_mobile_packages-1.21.1-0.7.7.jar,Create: Mobile Packages,https://github.com/timplay33/Create-Mobile-Packages,modrinth-api,,
[机械动力：火炮] createbigcannons-5.11.7+mc.1.21.1.jar,Create Big Cannons,https://github.com/Cannoneers-of-Create/CreateBigCannons,modrinth-api,,
[机械动力：炫彩金库] create_vibrant_vaults-0.3.2.jar,Create: Vibrant Vaults,https://github.com/ZLT9/create-vibrant-vaults,modrinth-api,,
[机械动力：臂力臂力炒菜] create_cuisine-1.0.0-mc1.21.1-neoforge.jar,[机械动力：臂力臂力炒菜] create_cuisine-1.0.0-mc1.21.1-neoforge.jar,https://github.com/Creators-of-Create/Create,本地 jar 元数据,Y,241829
[机械动力：航空学] create-aeronautics-bundled-1.21.1-1.3.0.jar,Create Aeronautics,https://github.com/Creators-of-Aeronautics/Simulated-Project,modrinth-api,,
[机械动力：蓝图补丁] Create_Bugfix_Schematic_Patch-1.1.4.jar,Create Bugfix: Schematic Patch,https://github.com/cff1028/create_schematics_fix,modrinth-api,,
[机械动力：赛博护目镜] CreateCyberGoggles-1.21.1-8.3.15-NeoForge.jar,Create: Cyber Goggles,https://github.com/ForgeStove/CreateCyberGoogles,modrinth-api,,
[机械动力：雷达] create_radar-0.4.9.4-1.21.1.jar,Create: Radars,https://github.com/Arsenalists-of-Create/Create-Radar,modrinth-api,,
[机械动力：高级遥控器] create_tweaked_controllers-1.21.1-1.2.7.jar,Create: Tweaked Controllers,https://github.com/getItemFromBlock/Create-Tweaked-Controllers,modrinth-api,,
[果园乐事] fruitsdelight-1.2.14.jar,Fruits Delight,https://github.com/Minecraft-LightLand/FruitsDelight,modrinth-api,,
[森罗厨房：国味] kaleidoscope_chinesefood-1.1.10-neoforge+1.21.1.jar,KaleidoscopeChineseFood,,,Y,7501
[森罗物语：下界] kaleidoscope_nether-1.1.4-neoforge+mc1.21.1.jar,Kaleidoscope Nether,,,Y,4452
[森罗物语：兼容] kaleidoscope_compat-2.9.7-neoforge+mc1.21.1.jar,Kaleidoscope Compat,https://github.com/BmtUltra/Kaleidoscope-Compat,modrinth-api,,
[森罗物语：厨房] kaleidoscopecookery-1.4.1-neoforge+mc1.21.1.jar,Kaleidoscope Cookery,https://github.com/KaleidoscopeMods/KaleidoscopeCookery,modrinth-api,,
[森罗物语：暮色] kaleidoscope_twilight-1.1.3-neoforge+mc1.21.1.jar,Kaleidoscope Twilight,,,Y,8895
[森罗物语：末地] kaleidoscope_end-1.0.14-neoforge+mc1.21.1.jar,Kaleidoscope End,,,Y,4050
[森罗物语：次元酒窖] kaleidoscope_dim_wine-1.5.3-mc1.21.1-neoforge.jar,Kaleidoscope：Dimensions wine,https://github.com/WitherRedstone/Kaleidoscope-DimensionsWine,modrinth-api,,
[森罗物语：玩偶] kaleidoscopedoll-1.4.1-neoforge+mc1.21.1.jar,Kaleidoscope Doll,https://github.com/TartaricAcid/KaleidoscopeDoll,modrinth-api,,
[森罗酒馆：世界名酒] kaleidoscope_world_liquor-1.1.8-neoforge+1.21.1.jar,Kaleidoscope World Liquor,,,Y,7998
[森罗酒馆：血酒] kaleidoscope_bloodwine-1.1.0.jar,Kaleidoscope_bloodwine,https://github.com/baiyin1223/Kaleidoscope_bloodwine,modrinth-api,,
[永恒星光] eternalstarlight-0.9.0+1.21.1+neoforge.jar,Eternal Starlight,https://github.com/LeoMinecraftModding/eternal-starlight,modrinth-api,,
[沉浸式奏乐] immersive_melodies-neoforge-0.7.1+1.21.1.jar,Immersive Melodies,https://github.com/Luke100000/ImmersiveMelodies,modrinth-api,,
[潮汐] tide-neoforge-1.21.1-2.1.1.jar,Tide 2,https://github.com/Lightning-64/Tide-2,modrinth-api,,
[灾变：维度] cataclysm_dimension-neoforge1.21.1-1.7.0.jar,[灾变：维度] cataclysm_dimension-neoforge1.21.1-1.7.0.jar,,,Y,116174
[炽海生机] netherdepthsupgrade-3.1.8-1.21.jar,Nether Depths Upgrade,https://github.com/Scouter456/Nether_Depths_Upgrade,modrinth-api,,
[烘焙坊] bakeries-1.21.1-NeoForge-1.0.3.jar,[烘焙坊] bakeries-1.21.1-NeoForge-1.0.3.jar,https://github.com/Renyigesai/bakery,manual,,
[烛火晚宴] letsdo-candlelight-neoforge-2.1.12.jar,[Let's Do] Candlelight - Farm&Charm compat,https://github.com/Let-s-Do-Collection/Candlelight,modrinth-api,,
[热水澡] hotbath-1.21.1-4.1.0.jar,Hot Bath,,,Y,16135
[物品高亮] Highlighter-1.21-neoforge-1.1.11.jar,Item Highlighter,https://github.com/AHilyard/Highlighter,modrinth-api,,
[玩家救援] PlayerRevive_NEOFORGE_v2.1.2_mc1.21.1.jar,PlayerRevive,https://github.com/CreativeMD/PlayerRevive,modrinth-api,,
[现代化 UI] ModernUI-NeoForge-1.21.1-3.13.0.1-universal.jar,Modern UI,https://github.com/BloCamLimb/ModernUI-MC,modrinth-api,,
[生活调味料：胡萝卜版] solcarrot-1.21.1-1.16.6.jar,[生活调味料：胡萝卜版] solcarrot-1.21.1-1.16.6.jar,https://github.com/Cazsius/Spice-of-Life-Carrot-Edition,manual,,
[神化] Apotheosis-1.21.1-8.7.0.jar,Apotheosis,https://github.com/Shadows-of-Fire/Apotheosis,manual,,
[神化刷怪笼] ApothicSpawners-1.21.1-1.4.0.jar,Apothic-Spawners,https://github.com/Shadows-of-Fire/Apothic-Spawners,manual,,
[神话与传说] mythsandlegends-0.0.8.6.jar,Myths & Legends,,,Y,17750
[稀有精英怪] infernalmobs-1.21.1.3NF.jar,[稀有精英怪] infernalmobs-1.21.1.3NF.jar,https://github.com/AtomicStryker/atomicstrykers-minecraft-mods,manual,,
[脚步声NeoForge版] PresenceFootsteps-1.21.1-1.12.0-beta.1-1.21NeoForge.jar,Presence Footsteps (NeoForge),https://github.com/ZCRAFT-NPE/Presence-Footsteps-NeoForge,modrinth-api,,
[自动翻译] autotranslator.jar,autotranslator,,,Y,13015
[自然音效] AmbientSounds_NEOFORGE_v6.3.8_mc1.21.1.jar,AmbientSounds,https://github.com/CreativeMD/AmbientSounds,modrinth-api,,
[莱特兰-弓艺] l2archery-3.0.4.jar,L2 Archery,https://github.com/Minecraft-LightLand/L2Archery,modrinth-api,,
[葡园酒香] letsdo-vinery-neoforge-1.5.3.jar,[Let's Do] Vinery,https://github.com/Let-s-Do-Collection/vinery,modrinth-api,,
[输入法冲突修复] IMBlocker-5.5.4-neoforge+1.20.6-1.21.8.jar,IMBlocker,https://github.com/reserveword/IMBlocker,modrinth-api,,
[遗体] corpse-neoforge-1.21.1-1.1.13.jar,[遗体] corpse-neoforge-1.21.1-1.1.13.jar,https://github.com/henkelmax/corpse,manual,,
[钠／Embeddium：动态光源] sodiumdynamiclights-neoforge-1.0.10-1.21.1.jar,Sodium Dynamic Lights,https://github.com/txnimc/SodiumDynamicLights,modrinth-api,,
[静谧四季／季节] SereneSeasons-neoforge-1.21.1-10.1.0.3.jar,[静谧四季／季节] SereneSeasons-neoforge-1.21.1-10.1.0.3.jar,https://github.com/Glitchfiend/SereneSeasons,manual,,
[首领崛起] block_factorys_bosses-2.1.2-neo-1.21.1.jar,Bosses'Rise,,,Y,52417
[馥郁烘焙] letsdo-bakery-neoforge-2.1.6.jar,[Let's Do] Bakery - Farm&Charm Compat,https://github.com/Let-s-Do-Collection/Bakery,modrinth-api,,
[齿轮与酒馆] creategearsandtavern-1.1.6.jar,Create: Gears and Tavern,https://github.com/yision1/GearsandTavern,modrinth-api,,
advancednetherite-neoforge-2.3.1-1.21.1.jar,Advanced Netherite,https://github.com/Autovw/AdvancedNetherite,modrinth-api,,
alex前置citadel-1.21.1-2.7.6.jar,Citadel (Unofficial Port),https://github.com/Raguto/Citadel-1.21.1,modrinth-api,,
alex生物alexsmobs-1.22.17.jar,Alex's Mobs (Unofficial Port),https://github.com/Raguto/AlexsMobs-1.21.1,modrinth-api,,
alloy_smelter-neoforge-1.21.1-1.2.1.jar,Alloy Smelter,https://github.com/TheFogIOF/AlloySmelter,modrinth-api,,
appleskin-neoforge-mc1.21-3.0.9.jar,AppleSkin,https://github.com/squeek502/AppleSkin,modrinth-api,,
architectury-13.0.11-neoforge.jar,Architectury API,https://github.com/architectury/architectury,modrinth-api,,
armoreddoggo-neoforge-1.21-0.3.0.jar,Armored Doggo,https://github.com/DawnOfTimeMC/armoreddoggo,modrinth-api,,
armoroftheages-neoforge-1.21.1-1.5.10.jar,Armor of the Ages,https://github.com/DawnOfTimeMC/armoroftheages,modrinth-api,,
atlas_api-1.21.1-1.2.0.jar,atlas_api-1.21.1-1.2.0.jar,,,Y,591
attributefix-neoforge-1.21.1-21.1.3.jar,AttributeFix,https://github.com/Darkhax-Minecraft/AttributeFix,modrinth-api,,
balm-neoforge-1.21.1-21.0.65.jar,Balm,https://github.com/TwelveIterations/Balm,modrinth-api,,
biggerbetterendcities-1.21.1-1.0.0.jar,biggerbetterendcities-1.21.1-1.0.0.jar,,,Y,503
biomespy-neoforge-1.21.1-1.3.3.jar,BiomeSpy,https://github.com/MoePus/BiomeSpy,modrinth-api,,
bookshelf-neoforge-1.21.1-21.1.81.jar,Bookshelf,https://github.com/Darkhax-Minecraft/Bookshelf,modrinth-api,,
c2me-neoforge-mc1.21.1-0.4.0-alpha.0.116.jar,Concurrent Chunk Management Engine (NeoForge),https://github.com/RelativityMC/C2ME-neoforge,modrinth-api,,
chefsdelight-1.0.5-neoforge-1.21.1.jar,Chef's Delight - Farmer's Delight Villagers,,,Y,276
clientsort-neoforge-3.89.0-beta.2+1.21.1.jar,clientsort-neoforge-3.89.0-beta.2+1.21.1.jar,https://github.com/TerminalMC/ClientSort,manual,,
cloth-config-15.0.140-neoforge.jar,Cloth Config API,https://github.com/shedaniel/ClothConfig,modrinth-api,,
colorfulhearts-neoforge-1.21.1-10.5.9.jar,Colorful Hearts,https://github.com/Terrails/colorful-hearts,modrinth-api,,
colorwheel-neoforge-1.2.9+mc1.21.1.jar,Colorwheel,https://github.com/djefrey/Colorwheel,modrinth-api,,
colorwheel_patcher-neoforge-1.0.5+mc1.21.1.jar,Colorwheel Patcher,https://github.com/djefrey/Colorwheel-Patcher,modrinth-api,,
configured-neoforge-1.21.1-2.6.3.jar,configured-neoforge-1.21.1-2.6.3.jar,https://github.com/MrCrayfish/Configured,manual,,
constructionwand-kots-1.21.1-2.16.12.jar,Construction Wand - KOTS,https://github.com/GLDYM/ConstructionWand-KOTS,modrinth-api,,
copycats-3.0.8+mc.1.21.1-neoforge.jar,Create: Copycats+,https://github.com/copycats-plus/copycats,modrinth-api,,
create-1.21.1-6.0.10.jar,Create,https://github.com/Creators-of-Create/Create,modrinth-api,,
create-enchantment-industry-2.5.3.jar,Create: Enchantment Industry,https://github.com/DragonsPlusMinecraft/CreateEnchantmentIndustry,modrinth-api,,
create-integrated-farming-1.3.2.jar,Create: Integrated Farming,https://github.com/DragonsPlusMinecraft/CreateIntegratedFarming,modrinth-api,,
create_compressed-2.2.0-neoforge-1.21.1.jar,Create Compressed,,,Y,1429
create_connected-1.3.2-mc1.21.1.jar,Create: Connected,https://github.com/hlysine/create_connected,modrinth-api,,
create_easy_structures-0.2a-neoforge-1.21.1.jar,Create: Easy Structures,,,Y,435
create_ez_stock_ticker-1.0.4.jar,Create: Easy Stock Ticker,https://github.com/cakeGit/Create-Ez-Stock-Ticker,modrinth-api,,
create_mechanical_spawner-1.21.1-1.3.1-6.0.10.jar,Create Mechanical Spawner,https://github.com/oierbravo/create-mechanical-spawner,modrinth-api,,
create_power_loader-2.0.5-mc1.21.1.jar,Create: Power Loader,https://github.com/hlysine/create_power_loader,modrinth-api,,
createadditionallogistics-1.21.1-1.4.5.jar,Create: Additional Logistics,https://github.com/KhloeLeclair/CreateAdditionalLogistics,modrinth-api,,
createbetterfps-1.21.1-1.1.4.jar,CreateBetterFps,https://github.com/MoePus/CreateBetterFPS,modrinth-api,,
createdeco-2.1.3.jar,Create Deco,https://github.com/talrey/CreateDeco,modrinth-api,,
createliquidfuel-2.1.1-1.21.1.jar,Create: Liquid Fuel,https://github.com/Forsteri123/CreateLiquidFuel,modrinth-api,,
createoreexcavation-1.21-1.6.8.jar,Create Ore Excavation,https://github.com/tom5454/Create-Ore-Excavation,modrinth-api,,
createprism-1.2.2.jar,Create: Prismatic Shine,,,Y,1256
createrailgrinding-1.2.2.jar,Create: Train Track Rail Grinding,https://github.com/JuniKnytt/CreateRailGrinding,modrinth-api,,
createredstonelinkgui-1.21.1-1.9.2.jar,Create: Redstone Link GUI,https://github.com/ggrgg13/Create--Redstone-Link-GUI,modrinth-api,,
curios-neoforge-9.5.1+1.21.1.jar,Curios API,https://github.com/TheIllusiveC4/Curios,modrinth-api,,
dawnoftimebuilder-neoforge-1.21.1-1.6.6.jar,Dawn of Time,https://github.com/PierreChag/dawnoftimebuilder,modrinth-api,,
deso配重sable-weighted_createdeco-1.0.2.jar,Sable: Weighted - Create: Deco [DEPRECATED],https://github.com/talrey/CreateDeco,本地 jar 元数据,Y,4633
disconnect-packet-fix-neoforge-2.0.1.jar,Disconnect Packet Fix,https://github.com/ascpixi/disconnect-packet-fix,modrinth-api,,
displaydelight-1.7.0.jar,Display Delight,https://github.com/jkvin114/display-delight-neoforge,modrinth-api,,
do_a_barrel_roll-neoforge-3.7.3+1.21.jar,Do a Barrel Roll,https://github.com/enjarai/do-a-barrel-roll,manual,,
efficient_hashing-neoforge-1.0.0+1.21.1-mod.jar,EfficientHashing,https://github.com/ZZZank/EfficientHashing,modrinth-api,,
electroenergetics-1.21.1-1.1.1.jar,Create: Electro Energetics,https://github.com/george8188625/Create-Electro-Energetics,modrinth-api,,
enchdesc-neoforge-1.21.1-21.1.11.jar,Enchantment Descriptions,https://github.com/Darkhax-Minecraft/Enchantment-Descriptions,modrinth-api,,
ends_delight-2.6.1+neoforge.1.21.1.jar,End's Delight,https://github.com/FoggyHillside/End-s-Delight,modrinth-api,,
escalated-1.3.2+mc.1.21.1.jar,Create: Escalated,https://github.com/Create-In-Locomotion/Create-Escalated,modrinth-api,,
exposure-neoforge-1.21.1-1.9.18.jar,Exposure,https://github.com/mortuusars/Exposure,modrinth-api,,
fastleafdecay-35.jar,fastleafdecay-35.jar,https://github.com/Olafski/FastLeafDecay,manual,,
fastrecipesearch-1.21.1-26.8.1-neoforge.jar,fastrecipesearch-1.21.1-26.8.1-neoforge.jar,https://github.com/nutant233/Fast-Recipe-Search,jar-meta,,
fasttag-1.21.1-26.1-neoforge.jar,fasttag-1.21.1-26.1-neoforge.jar,,,Y,232
ferritecore-7.0.3-neoforge.jar,FerriteCore,https://github.com/malte0811/FerriteCore,modrinth-api,,
flatbedrock-neoforge-87.0.0.jar,Flat Bedrock,https://github.com/nanite/Flat-Bedrock,modrinth-api,,
flerovium-neoforge-1.21.1-1.1.2-all.jar,Flerovium,https://github.com/MoePus/Flerovium,modrinth-api,,
forgified-fabric-api-0.116.15+2.3.4+1.21.1.jar,forgified-fabric-api-0.116.15+2.3.4+1.21.1.jar,https://github.com/Sinytra/ForgifiedFabricAPI,jar-meta,,
fragmentum-neoforge-1.21.1-2.4.4.jar,Fragmentum,https://github.com/ObscuriaLithium/Fragmentum,modrinth-api,,
framework-neoforge-1.21.1-0.13.11.jar,framework-neoforge-1.21.1-0.13.11.jar,https://github.com/MrCrayfish/Framework,manual,,
frequency-1.21.1-neoforge-0.2.0.jar,Frequency Create,https://github.com/MaliceZed/frequency-create,modrinth-api,,
ftb-library-neoforge-2101.1.35.jar,ftb-library-neoforge-2101.1.35.jar,https://github.com/FTBTeam/FTB-Library,manual,,
ftb-teams-neoforge-2101.1.11.jar,ftb-teams-neoforge-2101.1.11.jar,https://github.com/FTBTeam/FTB-Teams,manual,,
ftb-xmod-compat-neoforge-21.1.11.jar,ftb-xmod-compat-neoforge-21.1.11.jar,https://github.com/FTBTeam/FTB-XMod-Compat,manual,,
ftb任务增强quest_enhance-1.21.1-neoforge-3.8.jar,ftb任务增强quest_enhance-1.21.1-neoforge-3.8.jar,https://github.com/FTBTeam/FTB-Mods-Issues,本地 jar 元数据,Y,35253
fzzy_config-0.7.6+1.21+neoforge.jar,Fzzy Config,https://github.com/fzzyhmstrs/fconfig,modrinth-api,,
geckolib-neoforge-1.21.1-4.9.2.jar,Geckolib,https://github.com/bernie-g/geckolib,modrinth-api,,
goblintraders-neoforge-1.21.1-1.11.2.jar,goblintraders-neoforge-1.21.1-1.11.2.jar,https://github.com/MrCrayfish/GoblinTraders,manual,,
iris-neoforge-1.8.14-beta.1+mc1.21.1.jar,Iris Shaders,https://github.com/IrisShaders/Iris,modrinth-api,,
irons_jewelry-1.21.1-1.6.0.jar,irons_jewelry-1.21.1-1.6.0.jar,https://github.com/Iron431/irons-jewelry,manual,,
irons_spellbooks-1.21.1-3.15.2.jar,Iron's Spells 'n Spellbooks,https://github.com/Iron431/irons-spells-n-spellbooks,manual,,
jecharacters-1.21.1-neoforge-4.5.29.jar,JustEnoughCharacters,https://github.com/Towdium/JustEnoughCharacters,modrinth-api,,
jei-1.21.1-neoforge-19.39.0.371.jar,Just Enough Items (JEI),https://github.com/mezz/JustEnoughItems,modrinth-api,,
kotlinforforge-5.12.0-all.jar,kotlinforforge-5.12.0-all.jar,https://github.com/thedarkcolour/KotlinForForge,manual,,
krypton_fnp-neoforge-1.21.1-0.2.28.1-1.21.1.jar,Krypton Reno,https://github.com/404Setup/KryptonReno,modrinth-api,,
kubejs-neoforge-2101.7.2-build.368.jar,kubejs-neoforge-2101.7.2-build.368.jar,https://github.com/KubeJS-Mods/KubeJS,manual,,
kubejs_curios_neoforge_1.21.1-1.0.4.jar,kubejs_curios_neoforge_1.21.1-1.0.4.jar,,,Y,65783
kubejstweaks-1.0.6.jar,kubejstweaks-1.0.6.jar,,,Y,5688
l2complements-3.1.3.jar,l2complements-3.1.3.jar,https://github.com/Minecraft-LightLand/L2Complements,manual,,
l2hostility-3.0.18.jar,l2hostility-3.0.18.jar,https://github.com/Minecraft-LightLand/L2Hostility,manual,,
l2library-3.0.8.jar,L2 Library,https://github.com/Minecraft-LightLand/L2Library,modrinth-api,,
lionfishapi-3.1.jar,Lionfish-API,https://github.com/lender544/Lionfish-API,modrinth-api,,
lithium-neoforge-0.15.4+mc1.21.1.jar,Lithium,https://github.com/caffeinemc/lithium-fabric,modrinth-api,,
lootjs-neoforge-1.21.1-3.7.0.jar,LootJS: KubeJS Addon,https://github.com/AlmostReliable/lootjs,modrinth-api,,
lootr-neoforge-1.21.1-1.11.38.124.jar,Lootr,https://github.com/noobanidus/lootr,modrinth-api,,
lukis-crazy-chambers-1.0.3.jar,Luki's Crazy Chambers,,,Y,0
maidsoulkitchen-1.21.1-beta-v0.1.4.jar,Maidsoul Kitchen,https://github.com/Wall-ev/MaidsoulKitchen,modrinth-api,,
maxhealthfix-neoforge-1.21.1-21.1.4.jar,Max Health Fix,https://github.com/Darkhax-Minecraft/Max-Health-Fix,modrinth-api,,
mechanicals-1.21.1-1.1.4.jar,Mechanicals Lib,https://github.com/oierbravo/mechanicals-lib,modrinth-api,,
medieval_buildings_end_edition-1.21.1-1.0.4-neoforge.jar,Medieval Buildings [End Edition],https://github.com/Craft1x/MedievalBuildingsEnder,modrinth-api,,
mes前置MoogsStructureLib-neoforge-1.21.1-3.1.1.jar,Moog's Structure Lib (moogs_structures),https://github.com/FinnSetchell/MoogsStructureLib,modrinth-api,,
mighty_mail-neoforge-1.21.1-1.1.4.jar,mighty_mail-neoforge-1.21.1-1.1.4.jar,https://github.com/MrCrayfish/MightyMail,jar-meta,,
modernfix-neoforge-5.27.24+mc1.21.1.jar,ModernFix,https://github.com/embeddedt/ModernFix,modrinth-api,,
mysterious_mountain_lib-1.2.15-1.21.1.jar,Mysterious Mountain Lib,https://github.com/0999312/MMLib,modrinth-api,,
netmusic-1.5.1-neoforge+mc1.21.1.jar,Net Music,https://github.com/TartaricAcid/NetMusic,modrinth-api,,
obscure_tooltips-neoforge-1.21.1-4.2.4.jar,Obscure Tooltips,https://github.com/ObscuriaLithium/obscure-tooltips,manual,,
packetfixer-3.3.1-1.20.5-1.21.X-merged.jar,Packet Fixer,https://github.com/TonimatasDEV/PacketFixer,modrinth-api,,
particular-1.21.1-NeoForge-1.5.7.jar,Particular ✨ Reforged,https://github.com/Leclowndu93150/Particular,modrinth-api,,
player-animation-lib-forge-2.0.4+1.21.1.jar,playerAnimator,https://github.com/KosmX/fabricPlayerAnimation,modrinth-api,,
polymorph-neoforge-1.1.0+1.21.1.jar,Polymorph,https://github.com/illusivesoulworks/polymorph,modrinth-api,,
powerful_dummy-21-0.0.9-hotfix.jar,powerful_dummy-21-0.0.9-hotfix.jar,,,Y,3578
prickle-neoforge-1.21.1-21.1.11.jar,Prickle,https://github.com/Darkhax-Minecraft/PrickleMC,modrinth-api,,
railways-0.3.0-beta.2+neoforge-mc1.21.1.jar,Steam 'n' Rails Neoforge,https://github.com/PoppyBlossom/Railway-1.21.1,modrinth-api,,
reddensstonelantern-1.0.4-neoforge-1.21.1.jar,Redden's Stone Lanterns,,,Y,8838
repurposed_structures-7.5.22+1.21.1-neoforge.jar,Repurposed Structures - Neoforge/Forge,https://github.com/TelepathicGrunt/RepurposedStructures,jar-meta,,
resourcefulconfig-neoforge-1.21-3.0.11.jar,Resourceful Config,https://github.com/Team-Resourceful/Resourceful-Config,modrinth-api,,
resourcefullib-neoforge-1.21-3.0.12.jar,Resourceful Lib,https://github.com/Team-Resourceful/ResourcefulLib,modrinth-api,,
rhino-2101.2.8-build.91.jar,Rhino,https://github.com/KubeJS-Mods/Rhino,modrinth-api,,
showcaseitem-1.21.1-1.1.0.jar,Showcase Item,https://github.com/starforcraft/Showcase-Item,modrinth-api,,
smart_bounds-1.0.0.jar,Create Smart Bounds,https://github.com/LIUKRAST/SmartBounds,modrinth-api,,
sodium-neoforge-0.8.13+mc1.21.1.jar,Sodium,https://github.com/CaffeineMC/sodium,modrinth-api,,
sootychimneys-neoforge-1.3.5.jar,Sooty Chimneys,https://github.com/mortuusars/SootyChimneys,manual,,
spark-1.10.124-neoforge.jar,spark,https://github.com/lucko/spark,modrinth-api,,
structure_layout_optimizer-neoforge-1.0.12.jar,Structure Layout Optimizer,https://github.com/TelepathicGrunt/StructureLayoutOptimizer,manual,,
takesapillage-neoforge-1.0.12+mc1.21.1.jar,It Takes a Pillage Continuation,https://github.com/Faboslav/it-takes-a-pillage,modrinth-api,,
touhoulittlemaid-1.5.3-neoforge+mc1.21.1.jar,Touhou Little Maid,https://github.com/TartaricAcid/TouhouLittleMaid,modrinth-api,,
ultramarine-1.21.1-0.7.jar,Ultramarine,https://github.com/LocusAzzurro/Ultramarine,modrinth-api,,
umapyoi-1.4.12-1.21.1.jar,Umapyoi,https://github.com/0999312/umapyoi,modrinth-api,,
wwoo-neoforge-2.6.7.jar,William Wythers' Overhauled Overworld,,,Y,98
wwo前置cristellib-neoforge-1.21.1-3.1.7.jar,Cristel Lib,https://github.com/Cristelknight999/Cristel-Lib,modrinth-api,,
xaerominimap-neoforge-1.21.1-26.4.2.jar,Xaero's Minimap,,,Y,49026
xaeroworldmap-neoforge-1.21.1-1.45.0.jar,Xaero's World Map,,,Y,34696
yet_another_config_lib_v3-3.8.2+1.21.1-neoforge.jar,YetAnotherConfigLib (YACL),https://github.com/isXander/YetAnotherConfigLib,modrinth-api,,
zfastnoise-1.0.13+1.21.1+neoforge.jar,Fast Noise,,,Y,874
一直吃AlwaysEat-neoforge-1.0.0.jar,Always Eat,,,Y,68
万家烟火settlements-1.0.0-beta.1.jar,万家烟火settlements-1.0.0-beta.1.jar,https://github.com/breeze-devs/Settlements-Alpha,jar-meta,,
下界以太群岛diabolical-islands-1.0.0.jar,Diabolical Islands,https://github.com/klinbee/Diabolical-Islands,modrinth-api,,
中央厨房create-central-kitchen-2.6.0.jar,Create: Central Kitchen,https://github.com/DragonsPlusMinecraft/CreateCentralKitchen,modrinth-api,,
以太群岛无虚空结构no-void-structures-2.0.1.jar,No Void Structures,https://github.com/klinbee/No-Void-Structures,modrinth-api,,
伊瓦尔的bossIvar's Bosses-1.0.0.jar,Ivar's Bosses,,,Y,7258
伤害粒子限制ldip-1.0.jar,Limited Damage Indicator Particle,https://github.com/FOOLSIX/ldip,modrinth-api,,
伪装板配重aerocopycats-1.1.1.jar,Copycats+ aeronautics weight,,,Y,72
伪装纸箱被吊走create-cardboarded-conveynience-1.21.1-neoforge-1.0.0.jar,Create: Cardboarded Conveynience,https://github.com/TakeruDavis/CreateCardboardedConveynience,modrinth-api,,
便携引擎液体燃料portable_engine_liquid_fuel-2.0.0-neoforge-1.21.1.jar,Create Aeronautics: Portable Engine Liquid Fuel,,,Y,486
保存我的配方书smrb-1.0.0.jar,保存我的配方书smrb-1.0.0.jar,https://github.com/MoePus/SaveMyRecipeBook,manual,,
信雅互联connector-2.0.0-beta.17+1.21.1-full.jar,信雅互联connector-2.0.0-beta.17+1.21.1-full.jar,https://github.com/Sinytra/Connector,manual,,
修复攻击卡顿fix_attack_lag-1.2.0-1.21.1-Neoforge.jar,Fix Attack Lag,,,Y,32
傀儡装配modulargolems-3.1.43.jar,傀儡装配modulargolems-3.1.43.jar,https://github.com/Minecraft-LightLand/ModularGolems,manual,,
内存泄漏alltheleaks-1.1.12+1.21.1-neoforge.jar,内存泄漏alltheleaks-1.1.12+1.21.1-neoforge.jar,https://github.com/pietro-lopes/AllTheLeaks,manual,,
冰火前置jupiter-2.3.7-1.21.1-neoforge.jar,Jupiter,https://github.com/IAFEnvoy/Jupiter,modrinth-api,,
冰火前置uranus-2.4.1-bugfix-1.21.1-neoforge.jar,冰火前置uranus-2.4.1-bugfix-1.21.1-neoforge.jar,https://github.com/IAFEnvoy/Uranus,manual,,
分配hud渲染gnetum-3.3.6.jar,Gnetum,https://github.com/decce6/Gnetum,modrinth-api,,
创作零碎物品bits_n_bobs-2.2.1.jar,Create: Bits 'n' Bobs,https://github.com/Industrialists-Of-Create/Create-Bits-n-Bobs,modrinth-api,,
创作零碎物品前置azimuth-1.4.7.jar,Azimuth API,,,Y,4109
创作零碎物品前置struts-1.3.0.jar,Strut Your Stuff (Struts),,,Y,6050
创建宇航学cosmonautics-26.08.307.jar,Create Cosmonautics,https://github.com/CosmonauticsTeam/Create-Cosmonautics,modrinth-api,,
创造流体物流fluidlogistics-1.2.8.jar,Create: FluidLogistics,https://github.com/yision1/CreateFluidLogistic,modrinth-api,,
加速加载modlightspeed-1.21.1-1.2.3.jar,LightSpeedRe,https://github.com/kltyton/LightSpeedRe,modrinth-api,,
加速响应服务器fast-ip-ping-v1.0.11-mc1.21.1-neoforge.jar,Fast IP Ping,https://github.com/Fallen-Breath/fast-ip-ping,modrinth-api,,
加速熔炉FastFurnace-1.21.1-9.0.1.jar,加速熔炉FastFurnace-1.21.1-9.0.1.jar,https://github.com/Shadows-of-Fire/FastFurnace,manual,,
可调帆copycat_aeronautics_sails-0.1.18.jar,可调帆copycat_aeronautics_sails-0.1.18.jar,,,Y,34949
商店ViScriptShop-neoforge-1.21.1-1.2.0.jar,ViScriptShop,https://github.com/zhenshiz/ViScriptShop,modrinth-api,,
四季HUDseasonhud-neoforge-1.21.1-2.0.9.jar,SeasonHud,https://github.com/IanMods/SeasonHUD,modrinth-api,,
四季HUD前置ForgeConfigAPIPort-v21.1.6-1.21.1-NeoForge.jar,Forge Config API Port,https://github.com/Fuzss/forgeconfigapiport,modrinth-api,,
四季前置GlitchCore-neoforge-1.21.1-2.1.0.2.jar,四季前置GlitchCore-neoforge-1.21.1-2.1.0.2.jar,https://github.com/Glitchfiend/GlitchCore,manual,,
地图看到物理装置sable_xaero_bridge-0.1.11.jar,地图看到物理装置sable_xaero_bridge-0.1.11.jar,https://github.com/ryanhcode/sable,本地 jar 元数据,Y,47422
地牢乐事前置neoforge-runiclib-1.21.1-5.0.7.jar,RunicLib,,,Y,2854
塔楼t_and_t-neoforge-fabric-1.13.9+1.21.1.jar,Towns and Towers,,,Y,46
女仆踩酒fox_trot_brew-1.0.0-mc1.21.1-neoforge.jar,Fox Trot Brew,https://github.com/WitherRedstone/Fox-Trot-Brew,modrinth-api,,
女仆酿酒maidtavern-1.2.0.jar,Maid Tavern,https://github.com/WinExp/MaidTavern,modrinth-api,,
局部天气断联漏洞修补weather2patch-1.1.1.jar,局部天气断联漏洞修补weather2patch-1.1.1.jar,,,Y,61
局部气候航空兼容tornadophysics-1.0.3.jar,"Weather Physics (Wind, Sails & Tornadoes)",https://github.com/redtardis12/Tornado-Physics,modrinth-api,,
屏蔽删除物品loglogbegone-neoforge-1.21.1-1.0.3.jar,Log Begone,https://github.com/AzureDoom/Log-Begone,modrinth-api,,
履带tracks-neoforge-1.21.1-1.0.1.jar,Create: Tracks,,,Y,3510
帕斯特san值pasterdreamsanity-0.9.0.jar,帕斯特san值pasterdreamsanity-0.9.0.jar,,,Y,514
帕斯特法术pasterdreamspells-0.9.0.jar,帕斯特法术pasterdreamspells-0.9.0.jar,,,Y,1299
帕斯特融梦能量pasterdreammeltdream-0.9.6.jar,帕斯特融梦能量pasterdreammeltdream-0.9.6.jar,,,Y,310
幻想界面fancymenu_neoforge_3.9.12_MC_1.21.1.jar,FancyMenu,https://github.com/Keksuccino/FancyMenu,modrinth-api,,
异步日志asynclogger-2.2.2+1.21.1-neoforge.jar,Async Logger,https://github.com/decce6/AsyncLogger,modrinth-api,,
强选op4.6threatengl-neoforge-2.0.4-release.10.jar,ThreatenGL,https://github.com/Richy-Z/ThreatenGL,modrinth-api,,
徒步建筑trek-B0.6.2.jar,Trek,https://github.com/hotsu0p/Trek-Issues,jar-meta,,
心之容器baubley-heart-canisters-1.21.1-1.4.1.jar,Baubley Heart Canisters,https://github.com/Traverse-Joe/Baubley-Heart-Canisters,modrinth-api,,
快速退出保存Fastquit-3.0.1+1.21.1neoforge.jar,FastQuit-Forge,https://github.com/frcvdt45g6by7hnj8ukm-nh8b7g6vtf5r4de3/FastQuit-Forge,modrinth-api,,
成就fancytoasts-1.5.1-neoforge-1.21.1.jar,Fancy Toasts | Better Advancements,https://github.com/Bivrik/FancyToasts,modrinth-api,,
投掷绳索create_aeronautics_throwable_rope_connector-0.4.3.jar,Create Aeronautics: Throwable Rope Connector,https://github.com/sprocketaudio/Create-Aeronautics-Throwable-Rope-Connector,modrinth-api,,
投掷绳索连接器aero_addition-1.0.2 .jar,Aeronautics:Addition,,,Y,0
拜拜加载byepregen-1.21.1-1.1.2.1.jar,拜拜加载byepregen-1.21.1-1.1.2.1.jar,,,Y,29122
按键冲突New Visual Keybing-1.21.1-neoforge-0.6.16.jar,New Visual Keybing,https://github.com/CancriRecoleta/NewVisualKebing,modrinth-api,,
控制学synaxis-1.5.0.jar,Synaxis,,,Y,127279
搬运carryon-neoforge-1.21.1-2.2.6.13.jar,Carry On,https://github.com/Tschipp/CarryOn,modrinth-api,,
攀爬绳索climbable_ropes-2.1.3.jar,Climbable Ropes for Create Aeronautics,https://github.com/matejhozlar/Create-Aeronautics-Climbable-Ropes,modrinth-api,,
救救网络smsn-neoforge-1.4.3-1.21.1.jar,救救网络smsn-neoforge-1.4.3-1.21.1.jar,https://github.com/gizmo-ds/smsn-mod,jar-meta,,
无题鸭untitledduckmod-1.7.0-neoforge-1.21.1.jar,Untitled Duck Mod,https://github.com/Okabintaro/UntitledDuckMod,modrinth-api,,
更多动画（冲突可删）fwa+1.21.1-neoforge-1.2.31.jar,Fancy World Animations [FWA],https://github.com/maDU59/FancyWorldAnimations,modrinth-api,,
更多发动机create_simulated_additions-0.2.3-neoforge-1.21.1.jar,Create Simulated Additions,,,Y,6056
更多方块配重sablephysicscompat-1.3.0.jar,Sable: Physics Compat,,,Y,0
更多村庄[Neoforge]ctov-3.6.3.jar,ChoiceTheorem's Overhauled Village,https://github.com/ChoiceTheorem/ChoiceTheorem-s-overhauled-village,modrinth-api,,
更多龙前置bjornlib-neoforge-1.0.88-1.21.1.jar,BjornLib,,,Y,6206
更好f3.jar,BetterF3,https://github.com/TreyRuffy/BetterF3,modrinth-api,,
更好的群系过度.jar,Better Biome Blend,https://github.com/FionaTheMortal/better-biome-blend,modrinth-api,,
更快映射fism+1.21.1-neoforge-1.0.5.jar,Faster Iris Shadow Mapper [FISM],https://github.com/maDU59/FasterIrisShadowMapper,modrinth-api,,
服务器监控serverwarashi-1.21.1-2.1.0.1.jar,服务器监控serverwarashi-1.21.1-2.1.0.1.jar,,,Y,18589
机动交易站点trading_floor-3.0.16.jar,Create: Trading floor,https://github.com/cakeGit/Create-Trading-Floor,modrinth-api,,
机动生物科技create_biotech-1.21.1-1.3.1.jar,Create: Biotech - 机械动力：生物科技,https://github.com/Nobodiiiii/Create-Biotech,modrinth-api,,
机动神化apokinetics-1.0.5.jar,Create: Apokinetics,,,Y,24810
机动背包fxntstorage-1.3.4+mc-1.21.1-neoforge.jar,Create: Storage [Neo/Forge],https://github.com/ausmez/create-storage-neo-forge,modrinth-api,,
机动资源精炼Resourceful Refinement v0.2.2.jar,Create: Resourceful Refinement,https://github.com/Team-Resourceful/Resourceful-Config,本地 jar 元数据,Y,9345
柴油动力createdieselgenerators-1.21.1-1.3.15.jar,Create: Diesel Generators,https://github.com/george8188625/Create-Diesel-Generators,modrinth-api,,
森罗烟火kaleidoscope_grilling-1.1.1-neoforge1.21.1.jar,Kaleidoscope Grilling,https://github.com/breezeth-CN/KaleidoscopeGrilling,modrinth-api,,
森罗物语杂烩kaleidoscope_hodgepodge-1.0.5-neoforge+mc1.21.1.jar,Kaleidoscope Hodgepodge,https://github.com/NightEpiphany/KaleidoscopeHodgepodge,modrinth-api,,
森罗酒馆kaleidoscopetavern-1.2.0-neoforge+mc1.21.1.jar,Kaleidoscope Tavern,https://github.com/KaleidoscopeMods/KaleidoscopeTavern,modrinth-api,,
模式蓝图create_pattern_schematics-2.0.10.jar,Create: Pattern Schematics,https://github.com/cakeGit/Pattern-Schematics-Multiloader,modrinth-api,,
橱柜库.jar,橱柜库.jar,,,,
死亡动画cinematic_respawn-1.21.1-neoforge-1.3.0.jar,Cinematic Respawn,,,Y,1087
沉没尖塔sunken-spires-1.0.jar,Sunken Spires,https://github.com/joshieman06/SunkenSpires,modrinth-api,,
洞穴alexscaves-2.0.2.jar,洞穴alexscaves-2.0.2.jar,https://github.com/AlexModGuy/AlexsCaves,jar-meta,,
消防附加createfirefightingadd-0.2.1-beta.jar,Create: FireFighting Additions,https://github.com/MIKOALOPEX/Create-FireFightingAdd,jar-meta,,
消除刷屏信息deuf-1.21.1-1.0.jar,DEUF - Duplicate Entity UUID Fix [NeoForge],https://github.com/KreloX/Duplicate-Entity-UUID-Fix,modrinth-api,,
液压杆万向节create_aeronautics_transmission_linkage-0.2.7.jar,Create Aeronautics: Transmission & Linkage,https://github.com/userenxv/aeronautics-utility-objects,modrinth-api,,
渲染优化ruok-neoforge_1.21.1_Pre-Release_5-1.7.4.jar,渲染优化ruok-neoforge_1.21.1_Pre-Release_5-1.7.4.jar,,,,
渲染加速acceleratedrendering-1.0.14-1.21.1-alpha.jar,渲染加速acceleratedrendering-1.0.14-1.21.1-alpha.jar,https://github.com/Argon4W/AcceleratedRendering,jar-meta,,
潮汐乐事tidesdelight-1.21.1-1.2.0-neoforge.jar,潮汐乐事tidesdelight-1.21.1-1.2.0-neoforge.jar,,,Y,381
火炬大师torchmaster-neoforge-1.21.1-21.1.10.jar,TorchMaster,https://github.com/Xalcon/TorchMaster,modrinth-api,,
火炮前置ritchiesprojectilelib-2.1.2+mc.1.21.1-neoforge.jar,Ritchie's Projectile Library,https://github.com/Wagers-of-Industrial-Warfare/RitchiesProjectileLib,modrinth-api,,
灾变乐事lendersdelight-1.21.1-1.0.10b.jar,L_Ender 's Cataclysm Delight,https://github.com/Chaolux1/LendersDelight,modrinth-api,,
烟火凡人心flavor_immersed_daily-2026.8.16.jar,Flavor Immersed Daily,,,Y,15982
烧烤乐事barbequesdelight-1.3.0.jar,烧烤乐事barbequesdelight-1.3.0.jar,,,Y,2924
物理声效sound-physics-remastered-neoforge-1.21.1-1.5.1.jar,Sound Physics Remastered,https://github.com/henkelmax/sound-physics-remastered,modrinth-api,,
物理结构抓钩grapplemod-1.1+1.21.1.neoforge.jar,Grappling Hook Mod: Skybound,https://github.com/weaversworkshop/grapplemod-skybound,modrinth-api,,
物理结构门createaerophysicsgantry-1.0.3.jar,Create Aeronautics Physics Gantry,https://github.com/blorbee1/createaerophysicsgantry,modrinth-api,,
玩家商店vss_market-1.0.6fix.jar,ViScriptShop Market,https://github.com/zhenshiz/ViScriptShop-Market,modrinth-api,,
生物词典biology-dictionary-1.2.1-mc1.21.1-neoforge.jar,Biology Dictionary,https://github.com/xienaoban/minecraft-biology-dictionary,modrinth-api,,
界面前置konkrete_neoforge_1.9.9_MC_1.21.jar,Konkrete,https://github.com/Keksuccino/Konkrete,modrinth-api,,
界面前置melody_neoforge_1.0.10_MC_1.21.jar,Melody,https://github.com/Keksuccino/Melody,modrinth-api,,
看看你在干什么前置coroutil-neoforge-1.21.0-1.3.9.jar,看看你在干什么前置coroutil-neoforge-1.21.0-1.3.9.jar,https://github.com/Corosauce/CoroUtil,manual,,
看看你在看什么watut-neoforge-1.21.0-1.2.7.jar,What Are They Up To (Watut),https://github.com/Corosauce/WATUT,modrinth-api,,
禁止创建加载两遍材质yeetusexperimentus-neoforge-87.0.0.jar,Yeetus Experimentus,,,Y,107
空岛前置lithostitched-1.8.0+beta4-neoforge-21.1.jar,Lithostitched,https://github.com/Apollounknowndev/lithostitched,modrinth-api,,
简易帐篷simplytents-4.6-1.21.1.neo.jar,Simply Tents,,,Y,6821
箱装乐事cratedelight-26.07.01-1.21-neoforge.jar,Crate Delight,https://github.com/axperty/cratedelight,modrinth-api,,
纸飞机cmpackagecouriers-neoforge-2.3.0.jar,Create More: Package Couriers,https://github.com/rekales/create-more-package-couriers,modrinth-api,,
线缆控制drivebywire-0.3.0.jar,线缆控制drivebywire-0.3.0.jar,,,Y,3472
结构指南针StructureCompass-1.21.1-4.2.1.jar,结构指南针StructureCompass-1.21.1-4.2.1.jar,https://github.com/Mrbysco/StructureCompass,jar-meta,,
老吴学create-meowchanics-1.1.6-neoforge-1.21.1.jar,老吴学create-meowchanics-1.1.6-neoforge-1.21.1.jar,https://github.com/Creators-of-Create/Create,本地 jar 元数据,Y,173752
背包前置accessories-neoforge-1.1.0-beta.53+1.21.1.jar,Accessories,https://github.com/wisp-forest/accessories,modrinth-api,,
背包前置owo-lib-neoforge-0.12.15.5-beta.1+1.21.jar,oωo (owo-lib),https://github.com/glisco03/owo-lib,modrinth-api,,
自然罗盘NaturesCompass-1.21.1-3.4.0-neoforge.jar,Nature's Compass,https://github.com/MattCzyr/NaturesCompass,modrinth-api,,
自然音效前置CreativeCore_NEOFORGE_v2.13.44_mc1.21.1.jar,CreativeCore,https://github.com/CreativeMD/CreativeCore,modrinth-api,,
自适应宿敌adaptive_nemesis-1.0.16.jar,[AN]Adaptive Nemesis,https://github.com/LOVE-U987/Adaptive-Nemesis,modrinth-api,,
航海create_submarine-2.2.4.jar,Create Deep Seas,https://github.com/Maxenonyme/Create-Deep-Seas,modrinth-api,,
航海前置fusion-1.3.14a-neoforge-mc1.21.1.jar,Fusion (Connected Textures),https://github.com/SuperMartijn642/Fusion,modrinth-api,,
航空传输VS-Sable-HoseConnectors-0.1.8-1.21.1.jar,VS / Sable Hose Connectors,https://github.com/M-K2525/VS_Hose_Connectors,modrinth-api,,
航空前置sable-neoforge-1.21.1-2.0.3.jar,Sable,https://github.com/ryanhcode/sable,modrinth-api,,
航空动态灯create-dyn-light-2.3.1-sodium-sable.jar,Create Sable Dynamic Lights,https://github.com/leon-o/Create-Dynamic-Lights,jar-meta,,
航空发动机AeroEngine-1.3.0.jar,AeroEngine,,,Y,24931
航空学：风洞windtunnel-1.1.8.jar,Aeronautics:Wind Tunnel,https://github.com/MaxnessAWA/Wind-Tunnel,modrinth-api,,
航空新组件hotstuff-1.1.7.jar,Hot's Aerostuff,,,Y,5769
航空气门杆lever-drugster-1.8.8.jar,Lever drugster,,,Y,10136
资源包加载不更改0Pack2Reload-NeoForge-1.21.1-1.0.1.jar,0Pack2Reload,https://github.com/Nova-Committee/0Pack2Reload,modrinth-api,,
超级管道create_hypertube-0.6.0-NEOFORGE.jar,Create: Hypertubes,https://github.com/PedroRok/CreateHypertubes,modrinth-api,,
过山车simulatedcoasters-0.1.5.jar,Create: Coasters Simulated,,,Y,43419
逆卡巴拉前置fdlib-1.0.9-1.21.1.jar,FDLib,https://github.com/FINDERFEED/FDLib,modrinth-api,,
配方修改重载ViScriptRecipe-neoforge-1.21.1-1.0.8 beta.jar,ViScriptRecipe,https://github.com/zhenshiz/ViScriptRecipe,modrinth-api,,
防止踩坏农田notrample-1.21.1-1.0.1.jar,防止踩坏农田notrample-1.21.1-1.0.1.jar,,,Y,72
陀螺仪aeroworks-1.5.0.jar,Create: Aeroworks,,,Y,18229
附魔轮廓enchanted_outlines-0.1.8.jar,附魔轮廓enchanted_outlines-0.1.8.jar,,,Y,3889
零碎履带bits_n_tracks-1.0.3.1-release.jar,Create: Bits 'n' Tracks,,,Y,3510
风洞前置ldlib2-neoforge-1.21.1-2.2.37-all.jar,LDLib,https://github.com/Low-Drag-MC/LDLib-Architectury,modrinth-api,,
饮酒作乐BrewinAndChewin-neoforge-4.5.0+1.21.1.jar,Brewin' And Chewin',https://github.com/Monad-Modding/BrewinAndChewin,manual,,
马夫horseman-neoforge-1.21.1-1.5.13.jar,Horseman,https://github.com/mortuusars/Horseman,modrinth-api,,
高亮物品前置[冰山] Iceberg-1.21.1-neoforge-1.3.2.jar,Iceberg,https://github.com/AHilyard/Iceberg,modrinth-api,,
鼠标转动优化帧数Ixeris-4.6.5+1.21.1-neoforge.jar,Ixeris,https://github.com/decce6/Ixeris,modrinth-api,,
