#,Mod名,文件名,端,下载源,下载链接
1,1u6JkXh5,1u6JkXh5-gjsLvJfW.jar,both,archive.teacon.cn,https://archive.teacon.cn/maven/maven/modrinth/1u6JkXh5/gjsLvJfW/1u6JkXh5-gjsLvJfW.jar
2,AAA Particles,aaa_particles-neoforge-26.1.2-2.2.4-alpha.1.jar,both,archive.teacon.cn,https://archive.teacon.cn/2026/ci/extra/aaa_particles-neoforge-26.1.2-2.2.4-alpha.1.e57547f3.jar
3,AAA Particles: World,aaa_particles_world-neoforge-26.1.2-2.0.1-alpha.4.jar,both,archive.teacon.cn,https://archive.teacon.cn/2026/ci/build/team-aaa-particles-world/aaa-particles-world-14.jar
4,ae2,appliedenergistics2-26.1.10-beta.346110f2.jar,both,archive.teacon.cn,https://archive.teacon.cn/2026/ci/extra/appliedenergistics2-26.1.10-beta.346110f2.346110f2.jar
5,Arcanism,programmable_magic-0.1.3.jar,both,archive.teacon.cn,https://archive.teacon.cn/2026/ci/build/team-programmable-magic/programmable-magic-40.jar
6,AreaControl NeoForge 26.1,AreaControl-NeoForge-26.1-0.9.17.jar,both,archive.teacon.cn,https://archive.teacon.cn/maven/org/teacon/AreaControl-NeoForge-26.1/0.9.17/AreaControl-NeoForge-26.1-0.9.17.jar
7,auth me,auth-me-sgiODmNN.jar,client,archive.teacon.cn,https://archive.teacon.cn/maven/maven/modrinth/auth-me/sgiODmNN/auth-me-sgiODmNN.jar
8,Baihao NeoForge 26.1,Baihao-NeoForge-26.1-1.0.8.jar,both,archive.teacon.cn,https://archive.teacon.cn/maven/org/teacon/Baihao-NeoForge-26.1/1.0.8/Baihao-NeoForge-26.1-1.0.8.jar
9,Bakeries,bakeries-1.0.0.jar,both,archive.teacon.cn,https://archive.teacon.cn/2026/ci/build/team-bakeries/bakeries-43.jar
10,BoxDeco,boxdeco-1.0.0.jar,both,archive.teacon.cn,https://archive.teacon.cn/2026/ci/build/team-boxdeco/boxdeco-9.jar
11,Cauldron++,cauldronpp-1.0.2.jar,both,archive.teacon.cn,https://archive.teacon.cn/2026/ci/build/team-cauldronpp/cauldronpp-8.jar
12,Caupona,Caupona-26.1.2-6.1.4.jar,both,archive.teacon.cn,https://archive.teacon.cn/jiachen/ci/extra/Caupona-26.1.2-6.1.4.5ea00e84.jar
13,chatbox,chatbox-26.1.2-1.1.4.jar,both,archive.teacon.cn,https://archive.teacon.cn/2026/ci/build/team-chatbox/chatbox-10.jar
14,ChromeBall NeoForge 26.1.2,ChromeBall-NeoForge-26.1.2-0.8.1.jar,both,archive.teacon.cn,https://archive.teacon.cn/maven/org/teacon/ChromeBall-NeoForge-26.1.2/0.8.1/ChromeBall-NeoForge-26.1.2-0.8.1.jar
15,Cloth Config,cloth-config-26.1.154.jar,both,archive.teacon.cn,https://archive.teacon.cn/2026/ci/extra/cloth-config-26.1.154.d9147c85.jar
16,CommandConfirm NeoForge 26,CommandConfirm-NeoForge-26-1.2.1.jar,both,archive.teacon.cn,https://archive.teacon.cn/maven/org/teacon/CommandConfirm-NeoForge-26/1.2.1/CommandConfirm-NeoForge-26-1.2.1.jar
17,continuity,continuity-3.0.1-0.0.8.jar,client,archive.teacon.cn,https://archive.teacon.cn/2026/ci/extra/continuity-3.0.1-0.0.8.c4780ff4.jar
18,Craton（克拉通）,Craton-26.1.2-neoforge-0.1.jar,both,archive.teacon.cn,https://archive.teacon.cn/2026/ci/build/team-craton/craton-12.jar
19,Crock Pot,CrockPot-26.1.2-0.1.0-beta.jar,both,archive.teacon.cn,https://archive.teacon.cn/2026/ci/build/team-crockpot/crockpot-98.jar
20,diagonal fences,diagonal-fences-26.1.0.jar,both,archive.teacon.cn,https://archive.teacon.cn/maven/maven/modrinth/diagonal-fences/26.1.0/diagonal-fences-26.1.0.jar
21,Distant Horizons,DistantHorizons-3.2.0-b-26.1.2-fabric-neoforge.jar,client,cdn.modrinth.com,https://cdn.modrinth.com/data/uCdwusMi/versions/c0SAW45X/DistantHorizons-3.2.0-b-26.1.2-fabric-neoforge.jar
22,enchanted vertical slabs,enchanted-vertical-slabs-EUlKZFNN.jar,both,archive.teacon.cn,https://archive.teacon.cn/maven/maven/modrinth/enchanted-vertical-slabs/EUlKZFNN/enchanted-vertical-slabs-EUlKZFNN.jar
23,ferrite core,ferrite-core-9.0.0-neoforge.jar,both,archive.teacon.cn,https://archive.teacon.cn/maven/maven/modrinth/ferrite-core/9.0.0-neoforge/ferrite-core-9.0.0-neoforge.jar
24,GeckoLib,geckolib-neoforge-26.1.2-5.5.1.jar,both,archive.teacon.cn,https://archive.teacon.cn/2026/ci/extra/geckolib-neoforge-26.1.2-5.5.1.9c603a1b.jar
25,Grack,grack-0.1.jar,both,archive.teacon.cn,https://archive.teacon.cn/2026/ci/build/team-grack/grack-7.jar
26,guide_me_to,guide_me_to-26.1.2-6.jar,both,archive.teacon.cn,https://archive.teacon.cn/maven/cn/uss-shenzhou/guide_me_to/26.1.2-6/guide_me_to-26.1.2-6.jar
27,guideme,guideme-26.1.12-beta.jar,both,archive.teacon.cn,https://archive.teacon.cn/jiachen/ci/extra/guideme-26.1.12-beta.5494b2cd.jar
28,hotbaaaar,hotbaaaar-26.1.2-2.jar,both,archive.teacon.cn,https://archive.teacon.cn/maven/cn/uss-shenzhou/hotbaaaar/26.1.2-2/hotbaaaar-26.1.2-2.jar
29,jecharacters NeoForge 26.1.2,jecharacters-NeoForge-26.1.2-26.0.9.jar,client,archive.teacon.cn,https://archive.teacon.cn/maven/org/teacon/jecharacters-NeoForge-26.1.2/26.0.9/jecharacters-NeoForge-26.1.2-26.0.9.jar
30,jei,jei-9G0iRx9i.jar,both,archive.teacon.cn,https://archive.teacon.cn/maven/maven/modrinth/jei/9G0iRx9i/jei-9G0iRx9i.jar
31,KilaGraph,kilagraphdemo-neoforge-26.1-26.1.0.3.jar,both,archive.teacon.cn,https://archive.teacon.cn/2026/ci/build/team-kilagraphdemo/kilagraphdemo-15.jar
32,Kiwi NeoForge 26.1.2,Kiwi-NeoForge-26.1.2-26.0.9.jar,both,archive.teacon.cn,https://archive.teacon.cn/maven/org/teacon/Kiwi-NeoForge-26.1.2/26.0.9/Kiwi-NeoForge-26.1.2-26.0.9.jar
33,Kotlin For Forge,kotlinforforge-6.2.0-all.9114aa0f.jar,both,archive.teacon.cn,https://archive.teacon.cn/2026/ci/extra/kotlinforforge-6.2.0-all.9114aa0f.jar
34,Lights up(舞台灯光),lights_up-1.0.0.jar,both,archive.teacon.cn,https://archive.teacon.cn/2026/ci/build/team-lights-up/lights-up-6.jar
35,LiveHelper,live_helper-1.0.0-all.jar,both,archive.teacon.cn,https://archive.teacon.cn/2026/ci/build/team-live-helper/live-helper-25.jar
36,LowDragLib2,ldlib2-neoforge-26.1-26.1.2.31.jar,both,archive.teacon.cn,https://archive.teacon.cn/jiachen/ci/extra/ldlib2-neoforge-26.1-26.1.2.31.a5706858.jar
37,LuckPerms NeoForge,LuckPerms-NeoForge-5.5-20260902.124952-3-all.jar,both,archive.teacon.cn,https://archive.teacon.cn/maven/me/lucko/luckperms/LuckPerms-NeoForge/5.5-SNAPSHOT/LuckPerms-NeoForge-5.5-20260902.124952-3-all.jar
38,MadParticle,madparticle-26.1.2-13.jar,both,archive.teacon.cn,https://archive.teacon.cn/2026/ci/build/team-madparticle/madparticle-126.jar
39,Mekanism:More Machine,mekmm-26.1.2-2.0.0.jar,both,archive.teacon.cn,https://archive.teacon.cn/2026/ci/build/team-mekmm/mekmm-74.jar
40,MinecartRevolution,minecartrevolution-1.0.1.jar,both,archive.teacon.cn,https://archive.teacon.cn/2026/ci/build/team-minecartrevolution/minecartrevolution-82.jar
41,Minecraft Mod MCP,minecraft-moddev-mcp-neoforge-26.1.2-0.2.0.jar,both,archive.teacon.cn,https://archive.teacon.cn/2026/ci/build/team-mcpmod/mcpmod-4.jar
42,modern ui,modern-ui-3.13.0.5.jar,client,archive.teacon.cn,https://archive.teacon.cn/maven/maven/modrinth/modern-ui/3.13.0.5/modern-ui-3.13.0.5.jar
43,Nature Rebirth,nature_rebirth-1.0.4.jar,both,archive.teacon.cn,https://archive.teacon.cn/2026/ci/build/team-nature-rebirth/nature-rebirth-13.jar
44,Neo ECO AE Extension,neoecoae-1.3.4.jar,both,archive.teacon.cn,https://archive.teacon.cn/2026/ci/build/team-neoecoae/neoecoae-9.jar
45,NeoMystiasIzakaya,neo_mystias_izakaya-neoforge-26.1.6.jar,both,archive.teacon.cn,https://archive.teacon.cn/2026/ci/build/team-neo-mystias-izakaya/neo-mystias-izakaya-67.jar
46,NetherLink,netherlink-26.1.2-neoforge-0.1.0-tc.jar,both,archive.teacon.cn,https://archive.teacon.cn/2026/ci/build/team-netherlink/netherlink-19.jar
47,NotEnoughBandwidth NeoForge 26.1,NotEnoughBandwidth-NeoForge-26.1-0.2.20.jar,both,archive.teacon.cn,https://archive.teacon.cn/maven/org/teacon/NotEnoughBandwidth-NeoForge-26.1/0.2.20/NotEnoughBandwidth-NeoForge-26.1-0.2.20.jar
48,nowaterupdate,nowaterupdate-26.1.2-1.jar,both,archive.teacon.cn,https://archive.teacon.cn/maven/cn/uss-shenzhou/nowaterupdate/26.1.2-1/nowaterupdate-26.1.2-1.jar
49,ObeliskDepths,ObeliskDepths-NeoForge-26.1.2.87-0.0.1-0.0.1.jar,both,archive.teacon.cn,https://archive.teacon.cn/2026/ci/build/team-obeliskdepths/obeliskdepths-43.jar
50,Orga's AutoSprint,autosprint-0.org-itk.0.1.jar,both,archive.teacon.cn,https://archive.teacon.cn/2026/ci/build/team-autosprint/autosprint-6.jar
51,Phone Generator,phone_generator-1.0.0.jar,both,archive.teacon.cn,https://archive.teacon.cn/2026/ci/build/team-phone-generator/phone-generator-22.jar
52,PowerTool NeoForge 26.1,PowerTool-NeoForge-26.1-1.5.30.jar,both,archive.teacon.cn,https://archive.teacon.cn/maven/org/teacon/PowerTool-NeoForge-26.1/1.5.30/PowerTool-NeoForge-26.1-1.5.30.jar
53,ProjectMe 26.1.2,ProjectMe-26.1.2-0.5.0.jar,both,archive.teacon.cn,https://archive.teacon.cn/maven/cn/zbx1425/ProjectMe-26.1.2/0.5.0/ProjectMe-26.1.2-0.5.0.jar
54,puzzles lib,puzzles-lib-26.1.11.jar,both,archive.teacon.cn,https://archive.teacon.cn/maven/maven/modrinth/puzzles-lib/26.1.11/puzzles-lib-26.1.11.jar
55,Shake n Stir,shakenstir-1.0.0.jar,both,archive.teacon.cn,https://archive.teacon.cn/2026/ci/build/team-shakenstir/shakenstir-63.jar
56,SignMeUp NeoForge 26.1,SignMeUp-NeoForge-26.1-1.1.12.jar,both,archive.teacon.cn,https://archive.teacon.cn/maven/org/teacon/SignMeUp-NeoForge-26.1/1.1.12/SignMeUp-NeoForge-26.1-1.1.12.jar
57,Sip Moment,sip_moment-1.0.0.jar,both,archive.teacon.cn,https://archive.teacon.cn/2026/ci/build/team-sip-moment/sip-moment-14.jar
58,SlideShow NeoForge 26.1.2,SlideShow-NeoForge-26.1.2-0.10.11.jar,both,archive.teacon.cn,https://archive.teacon.cn/maven/org/teacon/SlideShow-NeoForge-26.1.2/0.10.11/SlideShow-NeoForge-26.1.2-0.10.11.jar
59,spark,spark-1.10.172-neoforge.jar,both,archive.teacon.cn,https://archive.teacon.cn/maven/maven/modrinth/spark/1.10.172-neoforge/spark-1.10.172-neoforge.jar
60,stoneworks,stoneworks-yI3EuefP.jar,both,archive.teacon.cn,https://archive.teacon.cn/maven/maven/modrinth/stoneworks/yI3EuefP/stoneworks-yI3EuefP.jar
61,T88,t88-26.1.2-1.jar,both,archive.teacon.cn,https://archive.teacon.cn/2026/ci/extra/t88-26.1.2-1.6469d76f.jar
62,ThatSkyInteractions,thatskyinteractions-26.1.2-2.1.0-rc2.jar,both,archive.teacon.cn,https://archive.teacon.cn/2026/ci/build/team-thatskyinteractions/thatskyinteractions-129.jar
63,ToadSync NeoForge 26.1.2,ToadSync-NeoForge-26.1.2-0.2.4.jar,both,archive.teacon.cn,https://archive.teacon.cn/maven/org/teacon/ToadSync-NeoForge-26.1.2/0.2.4/ToadSync-NeoForge-26.1.2-0.2.4.jar
64,Valorant,valorant-1.0.0.jar,both,archive.teacon.cn,https://archive.teacon.cn/2026/ci/build/team-valorant/valorant-9.jar
65,VoteMe NeoForge 26.1.2,VoteMe-NeoForge-26.1.2-0.10.3.jar,both,archive.teacon.cn,https://archive.teacon.cn/maven/org/teacon/VoteMe-NeoForge-26.1.2/0.10.3/VoteMe-NeoForge-26.1.2-0.10.3.jar
66,V我50,vw50-1.0.0.jar,both,archive.teacon.cn,https://archive.teacon.cn/2026/ci/build/team-vw50/vw50-8.jar
67,WorldEditCUI NeoForge 26.1.2,WorldEditCUI-NeoForge-26.1.2-643d105.jar,both,archive.teacon.cn,https://archive.teacon.cn/maven/org/teacon/WorldEditCUI-NeoForge-26.1.2/643d105/WorldEditCUI-NeoForge-26.1.2-643d105.jar
68,x3d map,x3d_map-1.0.13.jar,both,archive.teacon.cn,https://archive.teacon.cn/2026/ci/build/team-x3d-map/x3d-map-64.jar
69,Xibao NeoForge 26.1,Xibao-NeoForge-26.1-5.0.2.jar,both,archive.teacon.cn,https://archive.teacon.cn/maven/org/teacon/Xibao-NeoForge-26.1/5.0.2/Xibao-NeoForge-26.1-5.0.2.jar
70,XKDeco NeoForge 26.1.2,XKDeco-NeoForge-26.1.2-2.0.0.2.jar,both,archive.teacon.cn,https://archive.teacon.cn/maven/org/teacon/XKDeco-NeoForge-26.1.2/2.0.0.2/XKDeco-NeoForge-26.1.2-2.0.0.2.jar
71,万物皆可绳,super_lead-0.4.9-beta.jar,both,archive.teacon.cn,https://archive.teacon.cn/2026/ci/build/team-super-lead/super-lead-56.jar
72,书信，信号，电话,letter_signal_phone-1.0.0.jar,both,archive.teacon.cn,https://archive.teacon.cn/2026/ci/build/team-letter-signal-phone/letter-signal-phone-14.jar
73,以太工艺,ether_craft-0.4.1_mc26.1.2.jar,both,archive.teacon.cn,https://archive.teacon.cn/2026/ci/build/team-ether-craft/ether-craft-106.jar
74,伊卡洛斯之翼,locusazzurro_icaruswings-26.1.2-0.7.0.jar,both,archive.teacon.cn,https://archive.teacon.cn/2026/ci/build/team-locusazzurro-icaruswings/locusazzurro-icaruswings-36.jar
75,会饮,repo-26.1.2-3.0.jar,both,archive.teacon.cn,https://archive.teacon.cn/2026/ci/build/team-convivium/convivium-197.jar
76,伤害枢纽,damagenexus-0.1.0.jar,both,archive.teacon.cn,https://archive.teacon.cn/2026/ci/build/team-damagenexus/damagenexus-45.jar
77,兰法斯：本德森之章,lanfasie_benderson-0.1.1.jar,both,archive.teacon.cn,https://archive.teacon.cn/2026/ci/build/team-lanfasie-benderson/lanfasie-benderson-45.jar
78,动态的树,dynamictrees-neoforge-26.1.2-1.8.0-BETA03.jar,both,archive.teacon.cn,https://archive.teacon.cn/2026/ci/build/team-dynamictrees/dynamictrees-7.jar
79,动量,momentum-1.2.10-release.jar,both,archive.teacon.cn,https://archive.teacon.cn/2026/ci/build/team-momentum/momentum-41.jar
80,卡里普索的糖果工坊,ccw-v1.3.1-mc26.1.2.jar,both,archive.teacon.cn,https://archive.teacon.cn/2026/ci/build/team-ccw/ccw-12.jar
81,吉星工艺（Astral Craft）,astral_craft-neoforge-26.1.2-1.0.0.jar,both,archive.teacon.cn,https://archive.teacon.cn/2026/ci/build/team-astral-craft/astral-craft-38.jar
82,吾有一术：新秩序,wenyan_addon-1.0.0.jar,both,archive.teacon.cn,https://archive.teacon.cn/2026/ci/build/team-wenyan-addon/wenyan-addon-13.jar
83,吾有一術,wenyan_programming-1.0.1.jar,both,archive.teacon.cn,https://archive.teacon.cn/2026/ci/build/team-wenyan-programming/wenyan-programming-58.jar
84,圣脾,shengpi-1.0.0.jar,both,archive.teacon.cn,https://archive.teacon.cn/2026/ci/build/team-shengpi/shengpi-13.jar
85,女仆的烘焙坊,maid_bakeries-1.0.0.jar,both,archive.teacon.cn,https://archive.teacon.cn/2026/ci/build/team-maid-bakeries/maid-bakeries-6.jar
86,女仆的路径剧本,path_script-1.0.0.jar,both,archive.teacon.cn,https://archive.teacon.cn/2026/ci/build/team-path-script/path-script-13.jar
87,家具计划,furnitureplan-0.1.00.jar,both,archive.teacon.cn,https://archive.teacon.cn/2026/ci/build/team-furnitureplan/furnitureplan-42.jar
88,工业基石,industrybase-26.1.2-1.0-alpha.jar,both,archive.teacon.cn,https://archive.teacon.cn/2026/ci/build/team-industrybase/industrybase-126.jar
89,幻想存有论,gensokyoontology-1.0.0.jar,both,archive.teacon.cn,https://archive.teacon.cn/2026/ci/build/team-gensokyoontology/gensokyoontology-32.jar
90,急,hurriedness-0.1.jar,both,archive.teacon.cn,https://archive.teacon.cn/2026/ci/build/team-hurriedness/hurriedness-13.jar
91,我想加入天际俯冲 Skyward Dive,skywarddive-1.0.0.jar,both,archive.teacon.cn,https://archive.teacon.cn/2026/ci/build/team-skywarddive/skywarddive-19.jar
92,我的尖塔,minethespire-0.0.1.jar,both,archive.teacon.cn,https://archive.teacon.cn/2026/ci/build/team-minethespire/minethespire-10.jar
93,拾穗的贸易台,trading_table-1.0.0.jar,both,archive.teacon.cn,https://archive.teacon.cn/2026/ci/build/team-trading-table/trading-table-25.jar
94,拾贰木砧,woodenanvil-26.1-5e28a9c.jar,both,archive.teacon.cn,https://archive.teacon.cn/2026/ci/build/team-woodenanvil/woodenanvil-6.jar
95,撅电报,cc_ms-neoforge-26.1.2-0.1.0.jar,both,archive.teacon.cn,https://archive.teacon.cn/2026/ci/build/team-cc-ms/cc-ms-10.jar
96,收获：遗产,harvestheritage-1.3.4.jar,both,archive.teacon.cn,https://archive.teacon.cn/2026/ci/build/team-harvestheritage/harvestheritage-63.jar
97,方块小镇,yuushya-26.1-neoforge-2.3.0.jar,both,archive.teacon.cn,https://archive.teacon.cn/2026/ci/build/team-yuushya/yuushya-69.jar
98,方块建模,yuushya_modelling-26.1.2-2.4.2.jar,both,archive.teacon.cn,https://archive.teacon.cn/2026/ci/build/team-yuushya-modelling/yuushya-modelling-36.jar
99,方生未逝,living_unvanished-1.0.0.jar,both,archive.teacon.cn,https://archive.teacon.cn/2026/ci/build/team-living-unvanished/living-unvanished-8.jar
100,无穷桌游,infinite_board_games-0.1.jar,both,archive.teacon.cn,https://archive.teacon.cn/2026/ci/build/team-infinite-board-games/infinite-board-games-5.jar
101,更多交互,extra_interaction-1.0.jar,both,archive.teacon.cn,https://archive.teacon.cn/2026/ci/build/team-extra-interaction/extra-interaction-13.jar
102,更多的食物,a-better-foods-neoforge-1.3.0.jar,both,archive.teacon.cn,https://archive.teacon.cn/2026/ci/build/team-a-better-foods/a-better-foods-10.jar
103,更好的打雪仗3：重铸版,bsf3lite-1.0.0.jar,both,archive.teacon.cn,https://archive.teacon.cn/2026/ci/build/team-bsf3lite/bsf3lite-41.jar
104,更好的鱼竿,betterrod-1.0.1.jar,both,archive.teacon.cn,https://archive.teacon.cn/2026/ci/build/team-better-rod/better-rod-9.jar
105,最后的上勾拳 One Last Rising Uppercut,olru-0.0.1-alpha.jar,both,archive.teacon.cn,https://archive.teacon.cn/2026/ci/build/team-olru/olru-20.jar
106,本机正常,womm-1.0.0.jar,both,archive.teacon.cn,https://archive.teacon.cn/2026/ci/build/team-womm/womm-28.jar
107,来自深渊：弹药包,cartridge-1.1.2.0.jar,both,archive.teacon.cn,https://archive.teacon.cn/2026/ci/build/team-cartridge/cartridge-32.jar
108,枢革墟烬,magic_io-1.0.0.jar,both,archive.teacon.cn,https://archive.teacon.cn/2026/ci/build/team-magic-io/magic-io-30.jar
109,泰拉巨石,terraria_boulders-1.0.jar,both,archive.teacon.cn,https://archive.teacon.cn/2026/ci/build/team-terraria-boulders/terraria-boulders-23.jar
110,海瑞的连锁挖矿,dh_s_veinminer-1.0.13.jar,both,archive.teacon.cn,https://archive.teacon.cn/2026/ci/build/team-dh-s-veinminer/dh-s-veinminer-26.jar
111,深岩银河激光指示器,drglaserpointer-1.2.0.jar,both,archive.teacon.cn,https://archive.teacon.cn/2026/ci/build/team-drglaserpointer/drglaserpointer-57.jar
112,混沌炼金,transmutatoria-1.0.0.jar,both,archive.teacon.cn,https://archive.teacon.cn/2026/ci/build/team-transmutatoria/transmutatoria-95.jar
113,纸带八音盒,cc_mb-neoforge-26.1.2-0.5.4.jar,both,archive.teacon.cn,https://archive.teacon.cn/2026/ci/build/team-cc-mb/cc-mb-57.jar
114,织影落花,shadowsandpetals-1.0.0.jar,both,archive.teacon.cn,https://archive.teacon.cn/2026/ci/build/team-shadowsandpetals/shadowsandpetals-129.jar
115,网络音乐机：听听B站,net_music_can_play_bili-0.7.10-beta.jar,both,archive.teacon.cn,https://archive.teacon.cn/2026/ci/build/team-net-music-can-play-bili/net-music-can-play-bili-92.jar
116,美食世界-Delicacy'World,delicacyworld-0.4.03.jar,both,archive.teacon.cn,https://archive.teacon.cn/2026/ci/build/team-delicacyworld/delicacyworld-145.jar
117,群青,ultramarine-0.8-snapshot.jar,both,archive.teacon.cn,https://archive.teacon.cn/2026/ci/build/team-ultramarine/ultramarine-13.jar
118,联界门,link_portals-1.0.0.jar,both,archive.teacon.cn,https://archive.teacon.cn/2026/ci/build/team-link-portals/link-portals-23.jar
119,舌战群儒,spitfight-1.0.0.jar,both,archive.teacon.cn,https://archive.teacon.cn/2026/ci/build/team-spitfight/spitfight-5.jar
120,节气,EclipticSeasons-26.1.2-neoforge-0.14.1.2.1.jar,both,archive.teacon.cn,https://archive.teacon.cn/2026/ci/build/team-eclipticseasons/eclipticseasons-155.jar
121,苇原,ashihara-0.0.0.15.jar,both,archive.teacon.cn,https://archive.teacon.cn/2026/ci/build/team-ashihara/ashihara-243.jar
122,蜂会,beecrasy-1.0.0.jar,both,archive.teacon.cn,https://archive.teacon.cn/2026/ci/build/team-beecrasy/beecrasy-154.jar
123,街头主义 The Streetism,thestreetism-2668-debug.jar,both,archive.teacon.cn,https://archive.teacon.cn/2026/ci/build/team-thestreetism/thestreetism-12.jar
124,袖里舆图,aleeve_atlas-0.0.1.jar,both,archive.teacon.cn,https://archive.teacon.cn/2026/ci/build/team-aleeve-atlas/aleeve-atlas-18.jar
125,让我看看,let_me_see_see-1.3.10.jar,both,archive.teacon.cn,https://archive.teacon.cn/2026/ci/build/team-let-me-see-see/let-me-see-see-13.jar
126,超级管道速滑 SuperPipeSlide,superpipeslide-0.4.0-beta.jar,both,archive.teacon.cn,https://archive.teacon.cn/2026/ci/build/team-superpipeslide/superpipeslide-47.jar
127,进阶四叶草 Advanced Clover,advanced_clover-1.0.2.jar,both,archive.teacon.cn,https://archive.teacon.cn/2026/ci/build/team-advanced-clover/advanced-clover-20.jar
128,铁砧工艺：猫+!,anvilcraft-nekoplus-26.1.1-alpha.1.jar,both,archive.teacon.cn,https://archive.teacon.cn/2026/ci/build/team-nekoplus/nekoplus-81.jar
129,高人一等,manabove-0.0.4.jar,both,archive.teacon.cn,https://archive.teacon.cn/2026/ci/build/team-manabove/manabove-8.jar
